IMG/center_2017_07_17_12_19_27_747.jpg, IMG/left_2017_07_17_12_19_27_747.jpg, IMG/right_2017_07_17_12_19_27_747.jpg, 0, 0, 0, 0.9516737
IMG/center_2017_07_17_12_19_27_854.jpg, IMG/left_2017_07_17_12_19_27_854.jpg, IMG/right_2017_07_17_12_19_27_854.jpg, 0, 0, 0, 0.9421267
IMG/center_2017_07_17_12_19_27_964.jpg, IMG/left_2017_07_17_12_19_27_964.jpg, IMG/right_2017_07_17_12_19_27_964.jpg, 0, 0, 0, 0.9307968
IMG/center_2017_07_17_12_19_28_088.jpg, IMG/left_2017_07_17_12_19_28_088.jpg, IMG/right_2017_07_17_12_19_28_088.jpg, 0, 0, 0, 0.919603
IMG/center_2017_07_17_12_19_28_205.jpg, IMG/left_2017_07_17_12_19_28_205.jpg, IMG/right_2017_07_17_12_19_28_205.jpg, 0, 0, 0, 0.9085436
IMG/center_2017_07_17_12_19_28_334.jpg, IMG/left_2017_07_17_12_19_28_334.jpg, IMG/right_2017_07_17_12_19_28_334.jpg, 0, 0, 0, 0.8976173
IMG/center_2017_07_17_12_19_28_450.jpg, IMG/left_2017_07_17_12_19_28_450.jpg, IMG/right_2017_07_17_12_19_28_450.jpg, 0, 0, 0, 0.8868228
IMG/center_2017_07_17_12_20_11_484.jpg, IMG/left_2017_07_17_12_20_11_484.jpg, IMG/right_2017_07_17_12_20_11_484.jpg, 0, 0, 0, 5.334639E-05
IMG/center_2017_07_17_12_20_11_596.jpg, IMG/left_2017_07_17_12_20_11_596.jpg, IMG/right_2017_07_17_12_20_11_596.jpg, 0, 0, 0, 5.360268E-05
IMG/center_2017_07_17_12_20_11_707.jpg, IMG/left_2017_07_17_12_20_11_707.jpg, IMG/right_2017_07_17_12_20_11_707.jpg, 0, 0, 0, 5.316202E-05
IMG/center_2017_07_17_12_20_11_814.jpg, IMG/left_2017_07_17_12_20_11_814.jpg, IMG/right_2017_07_17_12_20_11_814.jpg, 0, 0, 0, 5.38319E-05
IMG/center_2017_07_17_12_20_11_929.jpg, IMG/left_2017_07_17_12_20_11_929.jpg, IMG/right_2017_07_17_12_20_11_929.jpg, 0, 0.3358969, 0, 0.5134111
IMG/center_2017_07_17_12_20_12_070.jpg, IMG/left_2017_07_17_12_20_12_070.jpg, IMG/right_2017_07_17_12_20_12_070.jpg, 0, 0.01737569, 0, 0.5160143
IMG/center_2017_07_17_12_20_12_183.jpg, IMG/left_2017_07_17_12_20_12_183.jpg, IMG/right_2017_07_17_12_20_12_183.jpg, 0, 0, 0, 0.5018628
IMG/center_2017_07_17_12_20_12_264.jpg, IMG/left_2017_07_17_12_20_12_264.jpg, IMG/right_2017_07_17_12_20_12_264.jpg, 0, 0, 0, 0.4961107
IMG/center_2017_07_17_12_20_12_383.jpg, IMG/left_2017_07_17_12_20_12_383.jpg, IMG/right_2017_07_17_12_20_12_383.jpg, 0, 0, 0, 0.4904287
IMG/center_2017_07_17_12_20_12_495.jpg, IMG/left_2017_07_17_12_20_12_495.jpg, IMG/right_2017_07_17_12_20_12_495.jpg, 0, 0, 0, 0.4848154
IMG/center_2017_07_17_12_20_12_642.jpg, IMG/left_2017_07_17_12_20_12_642.jpg, IMG/right_2017_07_17_12_20_12_642.jpg, 0, 0.3456755, 0, 0.9837757
IMG/center_2017_07_17_12_20_12_752.jpg, IMG/left_2017_07_17_12_20_12_752.jpg, IMG/right_2017_07_17_12_20_12_752.jpg, 0, 0.6658926, 0, 1.779487
IMG/center_2017_07_17_12_20_12_861.jpg, IMG/left_2017_07_17_12_20_12_861.jpg, IMG/right_2017_07_17_12_20_12_861.jpg, 0, 1, 0, 3.179891
IMG/center_2017_07_17_12_20_12_942.jpg, IMG/left_2017_07_17_12_20_12_942.jpg, IMG/right_2017_07_17_12_20_12_942.jpg, 0, 0.6628857, 0, 3.961862
IMG/center_2017_07_17_12_20_13_054.jpg, IMG/left_2017_07_17_12_20_13_054.jpg, IMG/right_2017_07_17_12_20_13_054.jpg, -0.03759398, 0.3296238, 0, 4.403873
IMG/center_2017_07_17_12_20_13_169.jpg, IMG/left_2017_07_17_12_20_13_169.jpg, IMG/right_2017_07_17_12_20_13_169.jpg, -0.08270676, 0, 0, 4.363132
IMG/center_2017_07_17_12_20_13_273.jpg, IMG/left_2017_07_17_12_20_13_273.jpg, IMG/right_2017_07_17_12_20_13_273.jpg, -0.1353384, 0.3206174, 0, 4.69504
IMG/center_2017_07_17_12_20_13_368.jpg, IMG/left_2017_07_17_12_20_13_368.jpg, IMG/right_2017_07_17_12_20_13_368.jpg, -0.1503759, 0.6051168, 0, 5.3675
IMG/center_2017_07_17_12_20_13_471.jpg, IMG/left_2017_07_17_12_20_13_471.jpg, IMG/right_2017_07_17_12_20_13_471.jpg, -0.1879699, 0.2999992, 0, 5.689734
IMG/center_2017_07_17_12_20_13_562.jpg, IMG/left_2017_07_17_12_20_13_562.jpg, IMG/right_2017_07_17_12_20_13_562.jpg, -0.1879699, 0.02195408, 0, 5.679206
IMG/center_2017_07_17_12_20_13_656.jpg, IMG/left_2017_07_17_12_20_13_656.jpg, IMG/right_2017_07_17_12_20_13_656.jpg, -0.1879699, 0, 0, 5.623738
IMG/center_2017_07_17_12_20_13_763.jpg, IMG/left_2017_07_17_12_20_13_763.jpg, IMG/right_2017_07_17_12_20_13_763.jpg, 0, 0, 0, 5.56234
IMG/center_2017_07_17_12_20_13_871.jpg, IMG/left_2017_07_17_12_20_13_871.jpg, IMG/right_2017_07_17_12_20_13_871.jpg, 0, 0, 0, 5.495756
IMG/center_2017_07_17_12_20_13_977.jpg, IMG/left_2017_07_17_12_20_13_977.jpg, IMG/right_2017_07_17_12_20_13_977.jpg, 0, 0.3177775, 0, 5.810629
IMG/center_2017_07_17_12_20_14_106.jpg, IMG/left_2017_07_17_12_20_14_106.jpg, IMG/right_2017_07_17_12_20_14_106.jpg, 0, 0.7066897, 0, 6.745651
IMG/center_2017_07_17_12_20_14_221.jpg, IMG/left_2017_07_17_12_20_14_221.jpg, IMG/right_2017_07_17_12_20_14_221.jpg, -0.007518797, 1, 0, 8.093115
IMG/center_2017_07_17_12_20_14_347.jpg, IMG/left_2017_07_17_12_20_14_347.jpg, IMG/right_2017_07_17_12_20_14_347.jpg, -0.01503759, 0.6272224, 0, 8.932117
IMG/center_2017_07_17_12_20_14_461.jpg, IMG/left_2017_07_17_12_20_14_461.jpg, IMG/right_2017_07_17_12_20_14_461.jpg, -0.06015037, 0.2797173, 0, 9.254953
IMG/center_2017_07_17_12_20_14_556.jpg, IMG/left_2017_07_17_12_20_14_556.jpg, IMG/right_2017_07_17_12_20_14_556.jpg, -0.1052632, 0, 0, 9.180718
IMG/center_2017_07_17_12_20_14_664.jpg, IMG/left_2017_07_17_12_20_14_664.jpg, IMG/right_2017_07_17_12_20_14_664.jpg, -0.1353384, 0, 0, 9.086167
IMG/center_2017_07_17_12_20_14_770.jpg, IMG/left_2017_07_17_12_20_14_770.jpg, IMG/right_2017_07_17_12_20_14_770.jpg, -0.1503759, 0, 0, 8.975268
IMG/center_2017_07_17_12_20_14_895.jpg, IMG/left_2017_07_17_12_20_14_895.jpg, IMG/right_2017_07_17_12_20_14_895.jpg, -0.1729323, 0, 0, 8.865392
IMG/center_2017_07_17_12_20_15_012.jpg, IMG/left_2017_07_17_12_20_15_012.jpg, IMG/right_2017_07_17_12_20_15_012.jpg, -0.1729323, 0, 0, 8.758375
IMG/center_2017_07_17_12_20_15_118.jpg, IMG/left_2017_07_17_12_20_15_118.jpg, IMG/right_2017_07_17_12_20_15_118.jpg, -0.1729323, 0, 0, 8.670397
IMG/center_2017_07_17_12_20_15_233.jpg, IMG/left_2017_07_17_12_20_15_233.jpg, IMG/right_2017_07_17_12_20_15_233.jpg, -0.1729323, 0, 0, 8.565952
IMG/center_2017_07_17_12_20_15_343.jpg, IMG/left_2017_07_17_12_20_15_343.jpg, IMG/right_2017_07_17_12_20_15_343.jpg, -0.2030075, 0, 0, 8.477735
IMG/center_2017_07_17_12_20_15_455.jpg, IMG/left_2017_07_17_12_20_15_455.jpg, IMG/right_2017_07_17_12_20_15_455.jpg, -0.2030075, 0, 0, 8.37519
IMG/center_2017_07_17_12_20_15_569.jpg, IMG/left_2017_07_17_12_20_15_569.jpg, IMG/right_2017_07_17_12_20_15_569.jpg, -0.2030075, 0, 0, 8.274295
IMG/center_2017_07_17_12_20_15_691.jpg, IMG/left_2017_07_17_12_20_15_691.jpg, IMG/right_2017_07_17_12_20_15_691.jpg, 0, 0.3725016, 0, 8.682322
IMG/center_2017_07_17_12_20_15_798.jpg, IMG/left_2017_07_17_12_20_15_798.jpg, IMG/right_2017_07_17_12_20_15_798.jpg, 0, 0.6916636, 0, 9.40923
IMG/center_2017_07_17_12_20_15_913.jpg, IMG/left_2017_07_17_12_20_15_913.jpg, IMG/right_2017_07_17_12_20_15_913.jpg, 0, 0.3471996, 0, 9.826733
IMG/center_2017_07_17_12_20_16_012.jpg, IMG/left_2017_07_17_12_20_16_012.jpg, IMG/right_2017_07_17_12_20_16_012.jpg, 0, 0.04903611, 0, 9.811276
IMG/center_2017_07_17_12_20_16_136.jpg, IMG/left_2017_07_17_12_20_16_136.jpg, IMG/right_2017_07_17_12_20_16_136.jpg, 0, 0, 0, 9.697279
IMG/center_2017_07_17_12_20_16_237.jpg, IMG/left_2017_07_17_12_20_16_237.jpg, IMG/right_2017_07_17_12_20_16_237.jpg, 0, 0, 0, 9.599951
IMG/center_2017_07_17_12_20_16_360.jpg, IMG/left_2017_07_17_12_20_16_360.jpg, IMG/right_2017_07_17_12_20_16_360.jpg, -0.02255639, 0, 0, 9.48414
IMG/center_2017_07_17_12_20_16_483.jpg, IMG/left_2017_07_17_12_20_16_483.jpg, IMG/right_2017_07_17_12_20_16_483.jpg, -0.04511278, 0, 0, 9.369404
IMG/center_2017_07_17_12_20_16_613.jpg, IMG/left_2017_07_17_12_20_16_613.jpg, IMG/right_2017_07_17_12_20_16_613.jpg, -0.06766918, 0, 0, 9.237091
IMG/center_2017_07_17_12_20_16_743.jpg, IMG/left_2017_07_17_12_20_16_743.jpg, IMG/right_2017_07_17_12_20_16_743.jpg, -0.1278196, 0, 0, 9.122014
IMG/center_2017_07_17_12_20_16_874.jpg, IMG/left_2017_07_17_12_20_16_874.jpg, IMG/right_2017_07_17_12_20_16_874.jpg, -0.1428571, 0, 0, 8.992442
IMG/center_2017_07_17_12_20_16_992.jpg, IMG/left_2017_07_17_12_20_16_992.jpg, IMG/right_2017_07_17_12_20_16_992.jpg, -0.1428571, 0, 0, 8.884036
IMG/center_2017_07_17_12_20_17_118.jpg, IMG/left_2017_07_17_12_20_17_118.jpg, IMG/right_2017_07_17_12_20_17_118.jpg, -0.1428571, 0, 0, 8.777109
IMG/center_2017_07_17_12_20_17_237.jpg, IMG/left_2017_07_17_12_20_17_237.jpg, IMG/right_2017_07_17_12_20_17_237.jpg, -0.1428571, 0, 0, 8.671505
IMG/center_2017_07_17_12_20_17_358.jpg, IMG/left_2017_07_17_12_20_17_358.jpg, IMG/right_2017_07_17_12_20_17_358.jpg, 0, 0, 0, 8.562954
IMG/center_2017_07_17_12_20_17_492.jpg, IMG/left_2017_07_17_12_20_17_492.jpg, IMG/right_2017_07_17_12_20_17_492.jpg, 0, 0.4028451, 0, 9.096665
IMG/center_2017_07_17_12_20_17_604.jpg, IMG/left_2017_07_17_12_20_17_604.jpg, IMG/right_2017_07_17_12_20_17_604.jpg, 0, 0.7369632, 0, 9.872107
IMG/center_2017_07_17_12_20_17_731.jpg, IMG/left_2017_07_17_12_20_17_731.jpg, IMG/right_2017_07_17_12_20_17_731.jpg, 0, 1, 0, 11.39902
IMG/center_2017_07_17_12_20_17_856.jpg, IMG/left_2017_07_17_12_20_17_856.jpg, IMG/right_2017_07_17_12_20_17_856.jpg, 0, 1, 0, 12.68566
IMG/center_2017_07_17_12_20_18_018.jpg, IMG/left_2017_07_17_12_20_18_018.jpg, IMG/right_2017_07_17_12_20_18_018.jpg, 0, 0.6392251, 0, 13.49883
IMG/center_2017_07_17_12_20_18_143.jpg, IMG/left_2017_07_17_12_20_18_143.jpg, IMG/right_2017_07_17_12_20_18_143.jpg, 0, 0.2536621, 0, 13.75745
IMG/center_2017_07_17_12_20_18_267.jpg, IMG/left_2017_07_17_12_20_18_267.jpg, IMG/right_2017_07_17_12_20_18_267.jpg, 0, 0, 0, 13.61267
IMG/center_2017_07_17_12_20_18_396.jpg, IMG/left_2017_07_17_12_20_18_396.jpg, IMG/right_2017_07_17_12_20_18_396.jpg, -0.05263158, 0, 0, 13.34247
IMG/center_2017_07_17_12_20_18_527.jpg, IMG/left_2017_07_17_12_20_18_527.jpg, IMG/right_2017_07_17_12_20_18_527.jpg, -0.09774436, 0, 0, 13.31409
IMG/center_2017_07_17_12_20_18_656.jpg, IMG/left_2017_07_17_12_20_18_656.jpg, IMG/right_2017_07_17_12_20_18_656.jpg, -0.1353384, 0, 0, 13.03343
IMG/center_2017_07_17_12_20_18_776.jpg, IMG/left_2017_07_17_12_20_18_776.jpg, IMG/right_2017_07_17_12_20_18_776.jpg, -0.1353384, 0, 0, 12.87623
IMG/center_2017_07_17_12_20_18_899.jpg, IMG/left_2017_07_17_12_20_18_899.jpg, IMG/right_2017_07_17_12_20_18_899.jpg, -0.1353384, 0, 0, 12.70222
IMG/center_2017_07_17_12_20_19_024.jpg, IMG/left_2017_07_17_12_20_19_024.jpg, IMG/right_2017_07_17_12_20_19_024.jpg, -0.1353384, 0, 0, 12.54051
IMG/center_2017_07_17_12_20_19_149.jpg, IMG/left_2017_07_17_12_20_19_149.jpg, IMG/right_2017_07_17_12_20_19_149.jpg, 0, 0, 0, 12.30668
IMG/center_2017_07_17_12_20_19_283.jpg, IMG/left_2017_07_17_12_20_19_283.jpg, IMG/right_2017_07_17_12_20_19_283.jpg, 0, 0.3892082, 0, 12.84527
IMG/center_2017_07_17_12_20_19_406.jpg, IMG/left_2017_07_17_12_20_19_406.jpg, IMG/right_2017_07_17_12_20_19_406.jpg, 0, 0.7656535, 0, 13.53084
IMG/center_2017_07_17_12_20_19_537.jpg, IMG/left_2017_07_17_12_20_19_537.jpg, IMG/right_2017_07_17_12_20_19_537.jpg, 0, 1, 0, 15.13708
IMG/center_2017_07_17_12_20_19_657.jpg, IMG/left_2017_07_17_12_20_19_657.jpg, IMG/right_2017_07_17_12_20_19_657.jpg, 0, 0.6029531, 0, 15.784
IMG/center_2017_07_17_12_20_19_783.jpg, IMG/left_2017_07_17_12_20_19_783.jpg, IMG/right_2017_07_17_12_20_19_783.jpg, 0, 0.2388077, 0, 15.78203
IMG/center_2017_07_17_12_20_19_910.jpg, IMG/left_2017_07_17_12_20_19_910.jpg, IMG/right_2017_07_17_12_20_19_910.jpg, 0, 0, 0, 16.15483
IMG/center_2017_07_17_12_20_20_037.jpg, IMG/left_2017_07_17_12_20_20_037.jpg, IMG/right_2017_07_17_12_20_20_037.jpg, 0, 0, 0, 15.97708
IMG/center_2017_07_17_12_20_20_160.jpg, IMG/left_2017_07_17_12_20_20_160.jpg, IMG/right_2017_07_17_12_20_20_160.jpg, -0.06015037, 0, 0, 15.79136
IMG/center_2017_07_17_12_20_20_294.jpg, IMG/left_2017_07_17_12_20_20_294.jpg, IMG/right_2017_07_17_12_20_20_294.jpg, -0.1578947, 0, 0, 15.03819
IMG/center_2017_07_17_12_20_20_422.jpg, IMG/left_2017_07_17_12_20_20_422.jpg, IMG/right_2017_07_17_12_20_20_422.jpg, -0.2330827, 0, 0, 14.83977
IMG/center_2017_07_17_12_20_20_546.jpg, IMG/left_2017_07_17_12_20_20_546.jpg, IMG/right_2017_07_17_12_20_20_546.jpg, -0.2556391, 0, 0, 15.13626
IMG/center_2017_07_17_12_20_20_683.jpg, IMG/left_2017_07_17_12_20_20_683.jpg, IMG/right_2017_07_17_12_20_20_683.jpg, -0.2556391, 0, 0, 14.95369
IMG/center_2017_07_17_12_20_20_807.jpg, IMG/left_2017_07_17_12_20_20_807.jpg, IMG/right_2017_07_17_12_20_20_807.jpg, -0.2706767, 0, 0, 14.78109
IMG/center_2017_07_17_12_20_20_948.jpg, IMG/left_2017_07_17_12_20_20_948.jpg, IMG/right_2017_07_17_12_20_20_948.jpg, 0, 0, 0, 14.52937
IMG/center_2017_07_17_12_20_21_079.jpg, IMG/left_2017_07_17_12_20_21_079.jpg, IMG/right_2017_07_17_12_20_21_079.jpg, 0, 0.3740175, 0, 14.78487
IMG/center_2017_07_17_12_20_21_214.jpg, IMG/left_2017_07_17_12_20_21_214.jpg, IMG/right_2017_07_17_12_20_21_214.jpg, 0, 0.7806417, 0, 15.74782
IMG/center_2017_07_17_12_20_21_343.jpg, IMG/left_2017_07_17_12_20_21_343.jpg, IMG/right_2017_07_17_12_20_21_343.jpg, 0, 1, 0, 17.0135
IMG/center_2017_07_17_12_20_21_434.jpg, IMG/left_2017_07_17_12_20_21_434.jpg, IMG/right_2017_07_17_12_20_21_434.jpg, 0, 1, 0, 18.26582
IMG/center_2017_07_17_12_20_21_553.jpg, IMG/left_2017_07_17_12_20_21_553.jpg, IMG/right_2017_07_17_12_20_21_553.jpg, 0, 0.6442642, 0, 18.9715
IMG/center_2017_07_17_12_20_21_681.jpg, IMG/left_2017_07_17_12_20_21_681.jpg, IMG/right_2017_07_17_12_20_21_681.jpg, 0, 0.2593525, 0, 19.1039
IMG/center_2017_07_17_12_20_21_817.jpg, IMG/left_2017_07_17_12_20_21_817.jpg, IMG/right_2017_07_17_12_20_21_817.jpg, 0, 0, 0, 19.25952
IMG/center_2017_07_17_12_20_21_935.jpg, IMG/left_2017_07_17_12_20_21_935.jpg, IMG/right_2017_07_17_12_20_21_935.jpg, 0, 0, 0, 19.03803
IMG/center_2017_07_17_12_20_22_077.jpg, IMG/left_2017_07_17_12_20_22_077.jpg, IMG/right_2017_07_17_12_20_22_077.jpg, -0.06766918, 0, 0, 18.28266
IMG/center_2017_07_17_12_20_22_199.jpg, IMG/left_2017_07_17_12_20_22_199.jpg, IMG/right_2017_07_17_12_20_22_199.jpg, -0.09774436, 0, 0, 18.04855
IMG/center_2017_07_17_12_20_22_337.jpg, IMG/left_2017_07_17_12_20_22_337.jpg, IMG/right_2017_07_17_12_20_22_337.jpg, -0.1052632, 0, 0, 18.29164
IMG/center_2017_07_17_12_20_22_460.jpg, IMG/left_2017_07_17_12_20_22_460.jpg, IMG/right_2017_07_17_12_20_22_460.jpg, -0.1353384, 0, 0, 18.07183
IMG/center_2017_07_17_12_20_22_587.jpg, IMG/left_2017_07_17_12_20_22_587.jpg, IMG/right_2017_07_17_12_20_22_587.jpg, -0.1503759, 0, 0, 17.29551
IMG/center_2017_07_17_12_20_22_715.jpg, IMG/left_2017_07_17_12_20_22_715.jpg, IMG/right_2017_07_17_12_20_22_715.jpg, -0.1578947, 0, 0, 17.07753
IMG/center_2017_07_17_12_20_22_844.jpg, IMG/left_2017_07_17_12_20_22_844.jpg, IMG/right_2017_07_17_12_20_22_844.jpg, 0, 0, 0, 16.85894
IMG/center_2017_07_17_12_20_22_975.jpg, IMG/left_2017_07_17_12_20_22_975.jpg, IMG/right_2017_07_17_12_20_22_975.jpg, 0, 0, 0, 17.15328
IMG/center_2017_07_17_12_20_23_151.jpg, IMG/left_2017_07_17_12_20_23_151.jpg, IMG/right_2017_07_17_12_20_23_151.jpg, 0, 0, 0, 16.95036
IMG/center_2017_07_17_12_20_23_282.jpg, IMG/left_2017_07_17_12_20_23_282.jpg, IMG/right_2017_07_17_12_20_23_282.jpg, 0, 0.391135, 0, 16.8908
IMG/center_2017_07_17_12_20_23_410.jpg, IMG/left_2017_07_17_12_20_23_410.jpg, IMG/right_2017_07_17_12_20_23_410.jpg, 0, 0, 0, 17.13948
IMG/center_2017_07_17_12_20_23_530.jpg, IMG/left_2017_07_17_12_20_23_530.jpg, IMG/right_2017_07_17_12_20_23_530.jpg, 0, 0, 0, 16.93443
IMG/center_2017_07_17_12_20_23_655.jpg, IMG/left_2017_07_17_12_20_23_655.jpg, IMG/right_2017_07_17_12_20_23_655.jpg, 0, 0, 0, 16.73466
IMG/center_2017_07_17_12_20_23_777.jpg, IMG/left_2017_07_17_12_20_23_777.jpg, IMG/right_2017_07_17_12_20_23_777.jpg, 0, 0, 0, 16.53868
IMG/center_2017_07_17_12_20_23_911.jpg, IMG/left_2017_07_17_12_20_23_911.jpg, IMG/right_2017_07_17_12_20_23_911.jpg, -0.08270676, 0, 0, 15.76614
IMG/center_2017_07_17_12_20_24_042.jpg, IMG/left_2017_07_17_12_20_24_042.jpg, IMG/right_2017_07_17_12_20_24_042.jpg, -0.1954887, 0, 0, 15.55541
IMG/center_2017_07_17_12_20_24_172.jpg, IMG/left_2017_07_17_12_20_24_172.jpg, IMG/right_2017_07_17_12_20_24_172.jpg, -0.2556391, 0, 0, 15.86761
IMG/center_2017_07_17_12_20_24_302.jpg, IMG/left_2017_07_17_12_20_24_302.jpg, IMG/right_2017_07_17_12_20_24_302.jpg, -0.2781955, 0, 0, 15.66985
IMG/center_2017_07_17_12_20_24_430.jpg, IMG/left_2017_07_17_12_20_24_430.jpg, IMG/right_2017_07_17_12_20_24_430.jpg, -0.2932331, 0, 0, 14.92975
IMG/center_2017_07_17_12_20_24_562.jpg, IMG/left_2017_07_17_12_20_24_562.jpg, IMG/right_2017_07_17_12_20_24_562.jpg, -0.3082707, 0, 0, 14.73076
IMG/center_2017_07_17_12_20_24_686.jpg, IMG/left_2017_07_17_12_20_24_686.jpg, IMG/right_2017_07_17_12_20_24_686.jpg, 0, 0, 0, 14.531
IMG/center_2017_07_17_12_20_24_818.jpg, IMG/left_2017_07_17_12_20_24_818.jpg, IMG/right_2017_07_17_12_20_24_818.jpg, 0, 0, 0, 14.83719
IMG/center_2017_07_17_12_20_24_942.jpg, IMG/left_2017_07_17_12_20_24_942.jpg, IMG/right_2017_07_17_12_20_24_942.jpg, 0, 0, 0, 14.12509
IMG/center_2017_07_17_12_20_25_075.jpg, IMG/left_2017_07_17_12_20_25_075.jpg, IMG/right_2017_07_17_12_20_25_075.jpg, 0, 0, 0, 13.95411
IMG/center_2017_07_17_12_20_25_196.jpg, IMG/left_2017_07_17_12_20_25_196.jpg, IMG/right_2017_07_17_12_20_25_196.jpg, 0, 0, 0, 13.7652
IMG/center_2017_07_17_12_20_25_332.jpg, IMG/left_2017_07_17_12_20_25_332.jpg, IMG/right_2017_07_17_12_20_25_332.jpg, 0, 0, 0, 14.06935
IMG/center_2017_07_17_12_20_25_467.jpg, IMG/left_2017_07_17_12_20_25_467.jpg, IMG/right_2017_07_17_12_20_25_467.jpg, 0, 0, 0, 13.87837
IMG/center_2017_07_17_12_20_25_596.jpg, IMG/left_2017_07_17_12_20_25_596.jpg, IMG/right_2017_07_17_12_20_25_596.jpg, 0, 0, 0, 13.10986
IMG/center_2017_07_17_12_20_25_731.jpg, IMG/left_2017_07_17_12_20_25_731.jpg, IMG/right_2017_07_17_12_20_25_731.jpg, 0, 0, 0, 13.47597
IMG/center_2017_07_17_12_20_25_855.jpg, IMG/left_2017_07_17_12_20_25_855.jpg, IMG/right_2017_07_17_12_20_25_855.jpg, 0, 0, 0, 13.31092
IMG/center_2017_07_17_12_20_25_987.jpg, IMG/left_2017_07_17_12_20_25_987.jpg, IMG/right_2017_07_17_12_20_25_987.jpg, 0, 0, 0, 12.56264
IMG/center_2017_07_17_12_20_26_107.jpg, IMG/left_2017_07_17_12_20_26_107.jpg, IMG/right_2017_07_17_12_20_26_107.jpg, 0, 0, 0, 12.40459
IMG/center_2017_07_17_12_20_26_247.jpg, IMG/left_2017_07_17_12_20_26_247.jpg, IMG/right_2017_07_17_12_20_26_247.jpg, 0, 0, 0, 12.248
IMG/center_2017_07_17_12_20_26_367.jpg, IMG/left_2017_07_17_12_20_26_367.jpg, IMG/right_2017_07_17_12_20_26_367.jpg, 0, 0, 0, 12.62144
IMG/center_2017_07_17_12_20_26_494.jpg, IMG/left_2017_07_17_12_20_26_494.jpg, IMG/right_2017_07_17_12_20_26_494.jpg, 0, 0, 0.369098, 10.53904
IMG/center_2017_07_17_12_20_26_612.jpg, IMG/left_2017_07_17_12_20_26_612.jpg, IMG/right_2017_07_17_12_20_26_612.jpg, 0, 0, 0.7277851, 8.708609
IMG/center_2017_07_17_12_20_26_741.jpg, IMG/left_2017_07_17_12_20_26_741.jpg, IMG/right_2017_07_17_12_20_26_741.jpg, 0, 0, 1, 6.931837
IMG/center_2017_07_17_12_20_26_865.jpg, IMG/left_2017_07_17_12_20_26_865.jpg, IMG/right_2017_07_17_12_20_26_865.jpg, 0, 0, 1, 4.902864
IMG/center_2017_07_17_12_20_26_985.jpg, IMG/left_2017_07_17_12_20_26_985.jpg, IMG/right_2017_07_17_12_20_26_985.jpg, 0, 0, 1, 4.229813
IMG/center_2017_07_17_12_20_27_075.jpg, IMG/left_2017_07_17_12_20_27_075.jpg, IMG/right_2017_07_17_12_20_27_075.jpg, 0, 0, 0.6310713, 3.899669
IMG/center_2017_07_17_12_20_27_194.jpg, IMG/left_2017_07_17_12_20_27_194.jpg, IMG/right_2017_07_17_12_20_27_194.jpg, 0, 0, 0.2772706, 3.729126
IMG/center_2017_07_17_12_20_27_329.jpg, IMG/left_2017_07_17_12_20_27_329.jpg, IMG/right_2017_07_17_12_20_27_329.jpg, 0, 0, 0.6794856, 3.323735
IMG/center_2017_07_17_12_20_27_456.jpg, IMG/left_2017_07_17_12_20_27_456.jpg, IMG/right_2017_07_17_12_20_27_456.jpg, 0, 0, 0.2934252, 3.139299
IMG/center_2017_07_17_12_20_27_575.jpg, IMG/left_2017_07_17_12_20_27_575.jpg, IMG/right_2017_07_17_12_20_27_575.jpg, 0, 0, 0.6484209, 2.856174
IMG/center_2017_07_17_12_20_27_714.jpg, IMG/left_2017_07_17_12_20_27_714.jpg, IMG/right_2017_07_17_12_20_27_714.jpg, 0, 0, 0.2295632, 2.712891
IMG/center_2017_07_17_12_20_27_820.jpg, IMG/left_2017_07_17_12_20_27_820.jpg, IMG/right_2017_07_17_12_20_27_820.jpg, 0, 0, 0, 2.655823
IMG/center_2017_07_17_12_20_27_955.jpg, IMG/left_2017_07_17_12_20_27_955.jpg, IMG/right_2017_07_17_12_20_27_955.jpg, 0, 0, 0.4007975, 2.439933
IMG/center_2017_07_17_12_20_28_066.jpg, IMG/left_2017_07_17_12_20_28_066.jpg, IMG/right_2017_07_17_12_20_28_066.jpg, 0, 0, 0.06735559, 2.384337
IMG/center_2017_07_17_12_20_28_188.jpg, IMG/left_2017_07_17_12_20_28_188.jpg, IMG/right_2017_07_17_12_20_28_188.jpg, 0, 0, 0, 2.326956
IMG/center_2017_07_17_12_20_28_316.jpg, IMG/left_2017_07_17_12_20_28_316.jpg, IMG/right_2017_07_17_12_20_28_316.jpg, 0, 0, 0, 2.299316
IMG/center_2017_07_17_12_20_28_427.jpg, IMG/left_2017_07_17_12_20_28_427.jpg, IMG/right_2017_07_17_12_20_28_427.jpg, 0, 0, 0, 2.272011
IMG/center_2017_07_17_12_20_28_552.jpg, IMG/left_2017_07_17_12_20_28_552.jpg, IMG/right_2017_07_17_12_20_28_552.jpg, 0, 0, 0, 2.245034
IMG/center_2017_07_17_12_20_28_680.jpg, IMG/left_2017_07_17_12_20_28_680.jpg, IMG/right_2017_07_17_12_20_28_680.jpg, 0, 0, 0, 2.218382
IMG/center_2017_07_17_12_25_12_663.jpg, IMG/left_2017_07_17_12_25_12_663.jpg, IMG/right_2017_07_17_12_25_12_663.jpg, 0, 0, 0, 3.881811E-05
IMG/center_2017_07_17_12_25_12_795.jpg, IMG/left_2017_07_17_12_25_12_795.jpg, IMG/right_2017_07_17_12_25_12_795.jpg, 0, 0, 0, 4.413735E-05
IMG/center_2017_07_17_12_25_12_913.jpg, IMG/left_2017_07_17_12_25_12_913.jpg, IMG/right_2017_07_17_12_25_12_913.jpg, 0, 0, 0, 2.424564E-05
IMG/center_2017_07_17_12_25_13_043.jpg, IMG/left_2017_07_17_12_25_13_043.jpg, IMG/right_2017_07_17_12_25_13_043.jpg, 0, 0, 0, 2.213592E-05
IMG/center_2017_07_17_12_25_13_217.jpg, IMG/left_2017_07_17_12_25_13_217.jpg, IMG/right_2017_07_17_12_25_13_217.jpg, 0, 0.3686847, 0, 0.5082227
IMG/center_2017_07_17_12_25_13_344.jpg, IMG/left_2017_07_17_12_25_13_344.jpg, IMG/right_2017_07_17_12_25_13_344.jpg, 0, 0.7794443, 0, 1.79294
IMG/center_2017_07_17_12_25_13_428.jpg, IMG/left_2017_07_17_12_25_13_428.jpg, IMG/right_2017_07_17_12_25_13_428.jpg, 0, 1, 0, 3.205518
IMG/center_2017_07_17_12_25_13_548.jpg, IMG/left_2017_07_17_12_25_13_548.jpg, IMG/right_2017_07_17_12_25_13_548.jpg, 0, 1, 0, 4.609218
IMG/center_2017_07_17_12_25_13_667.jpg, IMG/left_2017_07_17_12_25_13_667.jpg, IMG/right_2017_07_17_12_25_13_667.jpg, 0, 1, 0, 5.997613
IMG/center_2017_07_17_12_25_13_791.jpg, IMG/left_2017_07_17_12_25_13_791.jpg, IMG/right_2017_07_17_12_25_13_791.jpg, 0, 0.6328525, 0, 6.86178
IMG/center_2017_07_17_12_25_13_924.jpg, IMG/left_2017_07_17_12_25_13_924.jpg, IMG/right_2017_07_17_12_25_13_924.jpg, 0, 0.2325844, 0, 7.180517
IMG/center_2017_07_17_12_25_14_044.jpg, IMG/left_2017_07_17_12_25_14_044.jpg, IMG/right_2017_07_17_12_25_14_044.jpg, 0, 0.5879093, 0, 7.924097
IMG/center_2017_07_17_12_25_14_176.jpg, IMG/left_2017_07_17_12_25_14_176.jpg, IMG/right_2017_07_17_12_25_14_176.jpg, 0, 0.9913015, 0, 9.233635
IMG/center_2017_07_17_12_25_14_290.jpg, IMG/left_2017_07_17_12_25_14_290.jpg, IMG/right_2017_07_17_12_25_14_290.jpg, 0, 1, 0, 10.56747
IMG/center_2017_07_17_12_25_14_412.jpg, IMG/left_2017_07_17_12_25_14_412.jpg, IMG/right_2017_07_17_12_25_14_412.jpg, 0, 1, 0, 12.01471
IMG/center_2017_07_17_12_25_14_580.jpg, IMG/left_2017_07_17_12_25_14_580.jpg, IMG/right_2017_07_17_12_25_14_580.jpg, 0, 0.6364752, 0, 12.83411
IMG/center_2017_07_17_12_25_14_708.jpg, IMG/left_2017_07_17_12_25_14_708.jpg, IMG/right_2017_07_17_12_25_14_708.jpg, 0, 0.2679918, 0, 13.10731
IMG/center_2017_07_17_12_25_14_838.jpg, IMG/left_2017_07_17_12_25_14_838.jpg, IMG/right_2017_07_17_12_25_14_838.jpg, 0, 0, 0, 12.52135
IMG/center_2017_07_17_12_25_14_969.jpg, IMG/left_2017_07_17_12_25_14_969.jpg, IMG/right_2017_07_17_12_25_14_969.jpg, 0, 0.3954493, 0, 13.34656
IMG/center_2017_07_17_12_25_15_096.jpg, IMG/left_2017_07_17_12_25_15_096.jpg, IMG/right_2017_07_17_12_25_15_096.jpg, 0, 0.02449314, 0, 13.29847
IMG/center_2017_07_17_12_25_15_216.jpg, IMG/left_2017_07_17_12_25_15_216.jpg, IMG/right_2017_07_17_12_25_15_216.jpg, 0, 0, 0, 13.04989
IMG/center_2017_07_17_12_25_15_338.jpg, IMG/left_2017_07_17_12_25_15_338.jpg, IMG/right_2017_07_17_12_25_15_338.jpg, 0, 0, 0, 12.64271
IMG/center_2017_07_17_12_25_15_461.jpg, IMG/left_2017_07_17_12_25_15_461.jpg, IMG/right_2017_07_17_12_25_15_461.jpg, 0, 0, 0, 12.73314
IMG/center_2017_07_17_12_25_15_589.jpg, IMG/left_2017_07_17_12_25_15_589.jpg, IMG/right_2017_07_17_12_25_15_589.jpg, 0, 0, 0, 12.29587
IMG/center_2017_07_17_12_25_15_714.jpg, IMG/left_2017_07_17_12_25_15_714.jpg, IMG/right_2017_07_17_12_25_15_714.jpg, -0.04511278, 0, 0, 12.13881
IMG/center_2017_07_17_12_25_15_844.jpg, IMG/left_2017_07_17_12_25_15_844.jpg, IMG/right_2017_07_17_12_25_15_844.jpg, -0.06766918, 0, 0, 11.9942
IMG/center_2017_07_17_12_25_15_972.jpg, IMG/left_2017_07_17_12_25_15_972.jpg, IMG/right_2017_07_17_12_25_15_972.jpg, -0.07518797, 0, 0, 11.75179
IMG/center_2017_07_17_12_25_16_099.jpg, IMG/left_2017_07_17_12_25_16_099.jpg, IMG/right_2017_07_17_12_25_16_099.jpg, -0.112782, 0, 0, 11.82532
IMG/center_2017_07_17_12_25_16_229.jpg, IMG/left_2017_07_17_12_25_16_229.jpg, IMG/right_2017_07_17_12_25_16_229.jpg, -0.1428571, 0, 0, 11.58
IMG/center_2017_07_17_12_25_16_356.jpg, IMG/left_2017_07_17_12_25_16_356.jpg, IMG/right_2017_07_17_12_25_16_356.jpg, -0.1428571, 0, 0, 11.40843
IMG/center_2017_07_17_12_25_16_481.jpg, IMG/left_2017_07_17_12_25_16_481.jpg, IMG/right_2017_07_17_12_25_16_481.jpg, 0, 0, 0, 11.26698
IMG/center_2017_07_17_12_25_16_601.jpg, IMG/left_2017_07_17_12_25_16_601.jpg, IMG/right_2017_07_17_12_25_16_601.jpg, 0, 0.3897932, 0, 11.78252
IMG/center_2017_07_17_12_25_16_730.jpg, IMG/left_2017_07_17_12_25_16_730.jpg, IMG/right_2017_07_17_12_25_16_730.jpg, 0, 0.7667524, 0, 12.68634
IMG/center_2017_07_17_12_25_16_852.jpg, IMG/left_2017_07_17_12_25_16_852.jpg, IMG/right_2017_07_17_12_25_16_852.jpg, 0, 1, 0, 14.05855
IMG/center_2017_07_17_12_25_16_988.jpg, IMG/left_2017_07_17_12_25_16_988.jpg, IMG/right_2017_07_17_12_25_16_988.jpg, 0, 0.6305242, 0, 14.9694
IMG/center_2017_07_17_12_25_17_116.jpg, IMG/left_2017_07_17_12_25_17_116.jpg, IMG/right_2017_07_17_12_25_17_116.jpg, 0, 0.2320952, 0, 15.13624
IMG/center_2017_07_17_12_25_17_247.jpg, IMG/left_2017_07_17_12_25_17_247.jpg, IMG/right_2017_07_17_12_25_17_247.jpg, -0.01503759, 0, 0, 14.9577
IMG/center_2017_07_17_12_25_17_372.jpg, IMG/left_2017_07_17_12_25_17_372.jpg, IMG/right_2017_07_17_12_25_17_372.jpg, -0.01503759, 0, 0, 14.78697
IMG/center_2017_07_17_12_25_17_504.jpg, IMG/left_2017_07_17_12_25_17_504.jpg, IMG/right_2017_07_17_12_25_17_504.jpg, -0.09774436, 0, 0, 14.59547
IMG/center_2017_07_17_12_25_17_637.jpg, IMG/left_2017_07_17_12_25_17_637.jpg, IMG/right_2017_07_17_12_25_17_637.jpg, -0.1353384, 0, 0, 14.42847
IMG/center_2017_07_17_12_25_17_767.jpg, IMG/left_2017_07_17_12_25_17_767.jpg, IMG/right_2017_07_17_12_25_17_767.jpg, -0.1428571, 0, 0, 14.21489
IMG/center_2017_07_17_12_25_17_892.jpg, IMG/left_2017_07_17_12_25_17_892.jpg, IMG/right_2017_07_17_12_25_17_892.jpg, 0, 0, 0, 14.05588
IMG/center_2017_07_17_12_25_18_021.jpg, IMG/left_2017_07_17_12_25_18_021.jpg, IMG/right_2017_07_17_12_25_18_021.jpg, 0, 0, 0, 13.87922
IMG/center_2017_07_17_12_25_18_152.jpg, IMG/left_2017_07_17_12_25_18_152.jpg, IMG/right_2017_07_17_12_25_18_152.jpg, 0, 0, 0, 13.67854
IMG/center_2017_07_17_12_25_18_274.jpg, IMG/left_2017_07_17_12_25_18_274.jpg, IMG/right_2017_07_17_12_25_18_274.jpg, 0, 0.3757998, 0, 13.99405
IMG/center_2017_07_17_12_25_18_406.jpg, IMG/left_2017_07_17_12_25_18_406.jpg, IMG/right_2017_07_17_12_25_18_406.jpg, 0, 0.7510134, 0, 14.80648
IMG/center_2017_07_17_12_25_18_531.jpg, IMG/left_2017_07_17_12_25_18_531.jpg, IMG/right_2017_07_17_12_25_18_531.jpg, 0, 0.3630084, 0, 15.52444
IMG/center_2017_07_17_12_25_18_668.jpg, IMG/left_2017_07_17_12_25_18_668.jpg, IMG/right_2017_07_17_12_25_18_668.jpg, 0, 0, 0, 15.43636
IMG/center_2017_07_17_12_25_18_791.jpg, IMG/left_2017_07_17_12_25_18_791.jpg, IMG/right_2017_07_17_12_25_18_791.jpg, 0, 0, 0, 14.70406
IMG/center_2017_07_17_12_25_18_917.jpg, IMG/left_2017_07_17_12_25_18_917.jpg, IMG/right_2017_07_17_12_25_18_917.jpg, 0, 0, 0, 14.56074
IMG/center_2017_07_17_12_25_19_043.jpg, IMG/left_2017_07_17_12_25_19_043.jpg, IMG/right_2017_07_17_12_25_19_043.jpg, -0.05263158, 0, 0, 14.3897
IMG/center_2017_07_17_12_25_19_169.jpg, IMG/left_2017_07_17_12_25_19_169.jpg, IMG/right_2017_07_17_12_25_19_169.jpg, -0.09022556, 0, 0, 14.68798
IMG/center_2017_07_17_12_25_19_289.jpg, IMG/left_2017_07_17_12_25_19_289.jpg, IMG/right_2017_07_17_12_25_19_289.jpg, -0.1052632, 0, 0, 14.51019
IMG/center_2017_07_17_12_25_19_408.jpg, IMG/left_2017_07_17_12_25_19_408.jpg, IMG/right_2017_07_17_12_25_19_408.jpg, 0, 0, 0, 14.33798
IMG/center_2017_07_17_12_25_19_530.jpg, IMG/left_2017_07_17_12_25_19_530.jpg, IMG/right_2017_07_17_12_25_19_530.jpg, 0, 0, 0, 14.15677
IMG/center_2017_07_17_12_25_19_652.jpg, IMG/left_2017_07_17_12_25_19_652.jpg, IMG/right_2017_07_17_12_25_19_652.jpg, 0, 0, 0, 13.95862
IMG/center_2017_07_17_12_25_19_787.jpg, IMG/left_2017_07_17_12_25_19_787.jpg, IMG/right_2017_07_17_12_25_19_787.jpg, 0, 0, 0, 13.76834
IMG/center_2017_07_17_12_25_19_908.jpg, IMG/left_2017_07_17_12_25_19_908.jpg, IMG/right_2017_07_17_12_25_19_908.jpg, 0, 0.388802, 0, 13.7244
IMG/center_2017_07_17_12_25_20_028.jpg, IMG/left_2017_07_17_12_25_20_028.jpg, IMG/right_2017_07_17_12_25_20_028.jpg, 0, 0.7508643, 0, 14.83231
IMG/center_2017_07_17_12_25_20_152.jpg, IMG/left_2017_07_17_12_25_20_152.jpg, IMG/right_2017_07_17_12_25_20_152.jpg, 0, 0.3751177, 0, 15.17198
IMG/center_2017_07_17_12_25_20_271.jpg, IMG/left_2017_07_17_12_25_20_271.jpg, IMG/right_2017_07_17_12_25_20_271.jpg, 0, 0.00994911, 0, 15.00442
IMG/center_2017_07_17_12_25_20_396.jpg, IMG/left_2017_07_17_12_25_20_396.jpg, IMG/right_2017_07_17_12_25_20_396.jpg, 0, 0, 0, 14.83867
IMG/center_2017_07_17_12_25_20_517.jpg, IMG/left_2017_07_17_12_25_20_517.jpg, IMG/right_2017_07_17_12_25_20_517.jpg, -0.03759398, 0, 0, 14.84817
IMG/center_2017_07_17_12_25_20_645.jpg, IMG/left_2017_07_17_12_25_20_645.jpg, IMG/right_2017_07_17_12_25_20_645.jpg, -0.06766918, 0, 0, 14.47647
IMG/center_2017_07_17_12_25_20_767.jpg, IMG/left_2017_07_17_12_25_20_767.jpg, IMG/right_2017_07_17_12_25_20_767.jpg, -0.08270676, 0, 0, 14.49
IMG/center_2017_07_17_12_25_20_894.jpg, IMG/left_2017_07_17_12_25_20_894.jpg, IMG/right_2017_07_17_12_25_20_894.jpg, -0.08270676, 0, 0, 14.31512
IMG/center_2017_07_17_12_25_21_015.jpg, IMG/left_2017_07_17_12_25_21_015.jpg, IMG/right_2017_07_17_12_25_21_015.jpg, -0.08270676, 0, 0, 14.13825
IMG/center_2017_07_17_12_25_21_139.jpg, IMG/left_2017_07_17_12_25_21_139.jpg, IMG/right_2017_07_17_12_25_21_139.jpg, -0.08270676, 0, 0, 13.97289
IMG/center_2017_07_17_12_25_21_260.jpg, IMG/left_2017_07_17_12_25_21_260.jpg, IMG/right_2017_07_17_12_25_21_260.jpg, -0.08270676, 0, 0, 13.80131
IMG/center_2017_07_17_12_25_21_377.jpg, IMG/left_2017_07_17_12_25_21_377.jpg, IMG/right_2017_07_17_12_25_21_377.jpg, -0.08270676, 0, 0, 13.62796
IMG/center_2017_07_17_12_25_21_505.jpg, IMG/left_2017_07_17_12_25_21_505.jpg, IMG/right_2017_07_17_12_25_21_505.jpg, -0.08270676, 0, 0, 13.16234
IMG/center_2017_07_17_12_25_21_623.jpg, IMG/left_2017_07_17_12_25_21_623.jpg, IMG/right_2017_07_17_12_25_21_623.jpg, -0.08270676, 0, 0, 12.99548
IMG/center_2017_07_17_12_25_21_760.jpg, IMG/left_2017_07_17_12_25_21_760.jpg, IMG/right_2017_07_17_12_25_21_760.jpg, -0.08270676, 0, 0, 12.83416
IMG/center_2017_07_17_12_25_21_891.jpg, IMG/left_2017_07_17_12_25_21_891.jpg, IMG/right_2017_07_17_12_25_21_891.jpg, 0, 0.4055204, 0, 13.61279
IMG/center_2017_07_17_12_25_22_010.jpg, IMG/left_2017_07_17_12_25_22_010.jpg, IMG/right_2017_07_17_12_25_22_010.jpg, 0, 0.7824559, 0, 14.44689
IMG/center_2017_07_17_12_25_22_121.jpg, IMG/left_2017_07_17_12_25_22_121.jpg, IMG/right_2017_07_17_12_25_22_121.jpg, 0, 1, 0, 15.56535
IMG/center_2017_07_17_12_25_22_241.jpg, IMG/left_2017_07_17_12_25_22_241.jpg, IMG/right_2017_07_17_12_25_22_241.jpg, 0, 0.6358688, 0, 16.21562
IMG/center_2017_07_17_12_25_22_320.jpg, IMG/left_2017_07_17_12_25_22_320.jpg, IMG/right_2017_07_17_12_25_22_320.jpg, 0, 0.2720574, 0, 16.36238
IMG/center_2017_07_17_12_25_22_430.jpg, IMG/left_2017_07_17_12_25_22_430.jpg, IMG/right_2017_07_17_12_25_22_430.jpg, 0, 0, 0, 16.70912
IMG/center_2017_07_17_12_25_22_588.jpg, IMG/left_2017_07_17_12_25_22_588.jpg, IMG/right_2017_07_17_12_25_22_588.jpg, -0.06766918, 0, 0, 16.51358
IMG/center_2017_07_17_12_25_22_701.jpg, IMG/left_2017_07_17_12_25_22_701.jpg, IMG/right_2017_07_17_12_25_22_701.jpg, -0.1203007, 0, 0, 16.3179
IMG/center_2017_07_17_12_25_22_814.jpg, IMG/left_2017_07_17_12_25_22_814.jpg, IMG/right_2017_07_17_12_25_22_814.jpg, -0.1503759, 0, 0, 15.61792
IMG/center_2017_07_17_12_25_22_935.jpg, IMG/left_2017_07_17_12_25_22_935.jpg, IMG/right_2017_07_17_12_25_22_935.jpg, -0.1954887, 0, 0, 15.43369
IMG/center_2017_07_17_12_25_23_051.jpg, IMG/left_2017_07_17_12_25_23_051.jpg, IMG/right_2017_07_17_12_25_23_051.jpg, -0.2330827, 0, 0, 15.24034
IMG/center_2017_07_17_12_25_23_172.jpg, IMG/left_2017_07_17_12_25_23_172.jpg, IMG/right_2017_07_17_12_25_23_172.jpg, -0.2330827, 0, 0, 15.05355
IMG/center_2017_07_17_12_25_23_288.jpg, IMG/left_2017_07_17_12_25_23_288.jpg, IMG/right_2017_07_17_12_25_23_288.jpg, -0.2330827, 0, 0, 14.87472
IMG/center_2017_07_17_12_25_23_406.jpg, IMG/left_2017_07_17_12_25_23_406.jpg, IMG/right_2017_07_17_12_25_23_406.jpg, -0.2330827, 0, 0, 14.69114
IMG/center_2017_07_17_12_25_23_521.jpg, IMG/left_2017_07_17_12_25_23_521.jpg, IMG/right_2017_07_17_12_25_23_521.jpg, -0.2330827, 0, 0, 14.53004
IMG/center_2017_07_17_12_25_23_639.jpg, IMG/left_2017_07_17_12_25_23_639.jpg, IMG/right_2017_07_17_12_25_23_639.jpg, -0.2330827, 0, 0, 14.88271
IMG/center_2017_07_17_12_25_23_765.jpg, IMG/left_2017_07_17_12_25_23_765.jpg, IMG/right_2017_07_17_12_25_23_765.jpg, 0, 0, 0, 14.17236
IMG/center_2017_07_17_12_25_23_889.jpg, IMG/left_2017_07_17_12_25_23_889.jpg, IMG/right_2017_07_17_12_25_23_889.jpg, 0, 0, 0, 13.97859
IMG/center_2017_07_17_12_25_24_012.jpg, IMG/left_2017_07_17_12_25_24_012.jpg, IMG/right_2017_07_17_12_25_24_012.jpg, 0, 0.3575561, 0, 14.19028
IMG/center_2017_07_17_12_25_24_127.jpg, IMG/left_2017_07_17_12_25_24_127.jpg, IMG/right_2017_07_17_12_25_24_127.jpg, 0, 0.733961, 0, 15.24469
IMG/center_2017_07_17_12_25_24_244.jpg, IMG/left_2017_07_17_12_25_24_244.jpg, IMG/right_2017_07_17_12_25_24_244.jpg, 0, 0.3758637, 0, 15.70317
IMG/center_2017_07_17_12_25_24_311.jpg, IMG/left_2017_07_17_12_25_24_311.jpg, IMG/right_2017_07_17_12_25_24_311.jpg, 0, 0.05955592, 0, 15.7854
IMG/center_2017_07_17_12_25_24_474.jpg, IMG/left_2017_07_17_12_25_24_474.jpg, IMG/right_2017_07_17_12_25_24_474.jpg, -0.06766918, 0, 0, 15.61074
IMG/center_2017_07_17_12_25_24_600.jpg, IMG/left_2017_07_17_12_25_24_600.jpg, IMG/right_2017_07_17_12_25_24_600.jpg, -0.2255639, 0, 0, 15.14457
IMG/center_2017_07_17_12_25_24_723.jpg, IMG/left_2017_07_17_12_25_24_723.jpg, IMG/right_2017_07_17_12_25_24_723.jpg, -0.2781955, 0, 0, 15.2044
IMG/center_2017_07_17_12_25_24_845.jpg, IMG/left_2017_07_17_12_25_24_845.jpg, IMG/right_2017_07_17_12_25_24_845.jpg, -0.3383459, 0, 0, 14.75643
IMG/center_2017_07_17_12_25_24_970.jpg, IMG/left_2017_07_17_12_25_24_970.jpg, IMG/right_2017_07_17_12_25_24_970.jpg, -0.4135338, 0, 0, 14.53438
IMG/center_2017_07_17_12_25_25_097.jpg, IMG/left_2017_07_17_12_25_25_097.jpg, IMG/right_2017_07_17_12_25_25_097.jpg, -0.4210526, 0, 0, 14.34399
IMG/center_2017_07_17_12_25_25_230.jpg, IMG/left_2017_07_17_12_25_25_230.jpg, IMG/right_2017_07_17_12_25_25_230.jpg, -0.4210526, 0, 0, 14.12751
IMG/center_2017_07_17_12_25_25_354.jpg, IMG/left_2017_07_17_12_25_25_354.jpg, IMG/right_2017_07_17_12_25_25_354.jpg, 0, 0, 0, 14.16063
IMG/center_2017_07_17_12_25_25_501.jpg, IMG/left_2017_07_17_12_25_25_501.jpg, IMG/right_2017_07_17_12_25_25_501.jpg, 0, 0, 0, 13.69553
IMG/center_2017_07_17_12_25_25_641.jpg, IMG/left_2017_07_17_12_25_25_641.jpg, IMG/right_2017_07_17_12_25_25_641.jpg, 0, 0, 0, 13.77123
IMG/center_2017_07_17_12_25_25_761.jpg, IMG/left_2017_07_17_12_25_25_761.jpg, IMG/right_2017_07_17_12_25_25_761.jpg, 0, 0.4280512, 0, 13.91032
IMG/center_2017_07_17_12_25_25_883.jpg, IMG/left_2017_07_17_12_25_25_883.jpg, IMG/right_2017_07_17_12_25_25_883.jpg, 0, 0.7849382, 0, 15.03315
IMG/center_2017_07_17_12_25_26_007.jpg, IMG/left_2017_07_17_12_25_26_007.jpg, IMG/right_2017_07_17_12_25_26_007.jpg, 0, 0.4068621, 0, 15.30015
IMG/center_2017_07_17_12_25_26_143.jpg, IMG/left_2017_07_17_12_25_26_143.jpg, IMG/right_2017_07_17_12_25_26_143.jpg, 0, 0.05142946, 0, 15.12376
IMG/center_2017_07_17_12_25_26_275.jpg, IMG/left_2017_07_17_12_25_26_275.jpg, IMG/right_2017_07_17_12_25_26_275.jpg, -0.1503759, 0, 0, 15.45718
IMG/center_2017_07_17_12_25_26_399.jpg, IMG/left_2017_07_17_12_25_26_399.jpg, IMG/right_2017_07_17_12_25_26_399.jpg, -0.2556391, 0, 0, 15.26893
IMG/center_2017_07_17_12_25_26_522.jpg, IMG/left_2017_07_17_12_25_26_522.jpg, IMG/right_2017_07_17_12_25_26_522.jpg, -0.3609022, 0, 0, 15.0559
IMG/center_2017_07_17_12_25_26_656.jpg, IMG/left_2017_07_17_12_25_26_656.jpg, IMG/right_2017_07_17_12_25_26_656.jpg, -0.3834586, 0, 0, 14.33098
IMG/center_2017_07_17_12_25_26_785.jpg, IMG/left_2017_07_17_12_25_26_785.jpg, IMG/right_2017_07_17_12_25_26_785.jpg, -0.4135338, 0, 0, 14.11413
IMG/center_2017_07_17_12_25_26_916.jpg, IMG/left_2017_07_17_12_25_26_916.jpg, IMG/right_2017_07_17_12_25_26_916.jpg, -0.4135338, 0, 0, 14.43739
IMG/center_2017_07_17_12_25_27_049.jpg, IMG/left_2017_07_17_12_25_27_049.jpg, IMG/right_2017_07_17_12_25_27_049.jpg, -0.4360902, 0, 0, 14.24715
IMG/center_2017_07_17_12_25_27_176.jpg, IMG/left_2017_07_17_12_25_27_176.jpg, IMG/right_2017_07_17_12_25_27_176.jpg, -0.4511278, 0, 0, 13.52379
IMG/center_2017_07_17_12_25_27_310.jpg, IMG/left_2017_07_17_12_25_27_310.jpg, IMG/right_2017_07_17_12_25_27_310.jpg, -0.4511278, 0, 0, 13.32768
IMG/center_2017_07_17_12_25_27_436.jpg, IMG/left_2017_07_17_12_25_27_436.jpg, IMG/right_2017_07_17_12_25_27_436.jpg, 0, 0, 0, 13.65046
IMG/center_2017_07_17_12_25_27_569.jpg, IMG/left_2017_07_17_12_25_27_569.jpg, IMG/right_2017_07_17_12_25_27_569.jpg, 0, 0, 0, 13.4597
IMG/center_2017_07_17_12_25_27_704.jpg, IMG/left_2017_07_17_12_25_27_704.jpg, IMG/right_2017_07_17_12_25_27_704.jpg, 0, 0, 0, 12.66712
IMG/center_2017_07_17_12_25_27_846.jpg, IMG/left_2017_07_17_12_25_27_846.jpg, IMG/right_2017_07_17_12_25_27_846.jpg, 0, 0, 0, 13.0392
IMG/center_2017_07_17_12_25_27_972.jpg, IMG/left_2017_07_17_12_25_27_972.jpg, IMG/right_2017_07_17_12_25_27_972.jpg, -0.2180451, 0, 0, 12.28197
IMG/center_2017_07_17_12_25_28_103.jpg, IMG/left_2017_07_17_12_25_28_103.jpg, IMG/right_2017_07_17_12_25_28_103.jpg, -0.3609022, 0, 0, 12.10443
IMG/center_2017_07_17_12_25_28_233.jpg, IMG/left_2017_07_17_12_25_28_233.jpg, IMG/right_2017_07_17_12_25_28_233.jpg, -0.3909774, 0, 0, 12.46385
IMG/center_2017_07_17_12_25_28_369.jpg, IMG/left_2017_07_17_12_25_28_369.jpg, IMG/right_2017_07_17_12_25_28_369.jpg, -0.4736842, 0, 0, 12.3013
IMG/center_2017_07_17_12_25_28_507.jpg, IMG/left_2017_07_17_12_25_28_507.jpg, IMG/right_2017_07_17_12_25_28_507.jpg, -0.518797, 0, 0, 11.50874
IMG/center_2017_07_17_12_25_28_645.jpg, IMG/left_2017_07_17_12_25_28_645.jpg, IMG/right_2017_07_17_12_25_28_645.jpg, -0.518797, 0, 0, 11.87269
IMG/center_2017_07_17_12_25_28_782.jpg, IMG/left_2017_07_17_12_25_28_782.jpg, IMG/right_2017_07_17_12_25_28_782.jpg, 0, 0, 0, 11.50775
IMG/center_2017_07_17_12_25_28_905.jpg, IMG/left_2017_07_17_12_25_28_905.jpg, IMG/right_2017_07_17_12_25_28_905.jpg, 0, 0, 0, 11.46594
IMG/center_2017_07_17_12_25_29_042.jpg, IMG/left_2017_07_17_12_25_29_042.jpg, IMG/right_2017_07_17_12_25_29_042.jpg, 0, 0, 0, 11.1492
IMG/center_2017_07_17_12_25_29_121.jpg, IMG/left_2017_07_17_12_25_29_121.jpg, IMG/right_2017_07_17_12_25_29_121.jpg, 0, 0, 0, 11.01488
IMG/center_2017_07_17_12_25_29_252.jpg, IMG/left_2017_07_17_12_25_29_252.jpg, IMG/right_2017_07_17_12_25_29_252.jpg, 0, 0, 0, 10.88235
IMG/center_2017_07_17_12_25_29_380.jpg, IMG/left_2017_07_17_12_25_29_380.jpg, IMG/right_2017_07_17_12_25_29_380.jpg, -0.06766918, 0, 0, 10.72656
IMG/center_2017_07_17_12_25_29_500.jpg, IMG/left_2017_07_17_12_25_29_500.jpg, IMG/right_2017_07_17_12_25_29_500.jpg, -0.1428571, 0, 0, 10.59043
IMG/center_2017_07_17_12_25_29_622.jpg, IMG/left_2017_07_17_12_25_29_622.jpg, IMG/right_2017_07_17_12_25_29_622.jpg, -0.2030075, 0, 0, 10.45469
IMG/center_2017_07_17_12_25_29_750.jpg, IMG/left_2017_07_17_12_25_29_750.jpg, IMG/right_2017_07_17_12_25_29_750.jpg, -0.2255639, 0, 0, 10.3245
IMG/center_2017_07_17_12_25_29_871.jpg, IMG/left_2017_07_17_12_25_29_871.jpg, IMG/right_2017_07_17_12_25_29_871.jpg, -0.2330827, 0, 0, 10.19855
IMG/center_2017_07_17_12_25_29_996.jpg, IMG/left_2017_07_17_12_25_29_996.jpg, IMG/right_2017_07_17_12_25_29_996.jpg, -0.2330827, 0, 0, 10.07531
IMG/center_2017_07_17_12_25_30_130.jpg, IMG/left_2017_07_17_12_25_30_130.jpg, IMG/right_2017_07_17_12_25_30_130.jpg, -0.2330827, 0, 0, 9.93375
IMG/center_2017_07_17_12_25_30_251.jpg, IMG/left_2017_07_17_12_25_30_251.jpg, IMG/right_2017_07_17_12_25_30_251.jpg, -0.2706767, 0, 0, 9.809705
IMG/center_2017_07_17_12_25_30_389.jpg, IMG/left_2017_07_17_12_25_30_389.jpg, IMG/right_2017_07_17_12_25_30_389.jpg, -0.2857143, 0, 0, 9.669044
IMG/center_2017_07_17_12_25_30_522.jpg, IMG/left_2017_07_17_12_25_30_522.jpg, IMG/right_2017_07_17_12_25_30_522.jpg, -0.2857143, 0, 0, 9.532696
IMG/center_2017_07_17_12_25_30_647.jpg, IMG/left_2017_07_17_12_25_30_647.jpg, IMG/right_2017_07_17_12_25_30_647.jpg, -0.2857143, 0, 0, 9.417687
IMG/center_2017_07_17_12_25_30_780.jpg, IMG/left_2017_07_17_12_25_30_780.jpg, IMG/right_2017_07_17_12_25_30_780.jpg, -0.2857143, 0, 0, 9.28534
IMG/center_2017_07_17_12_25_30_915.jpg, IMG/left_2017_07_17_12_25_30_915.jpg, IMG/right_2017_07_17_12_25_30_915.jpg, -0.2857143, 0, 0, 9.1734
IMG/center_2017_07_17_12_25_31_041.jpg, IMG/left_2017_07_17_12_25_31_041.jpg, IMG/right_2017_07_17_12_25_31_041.jpg, -0.2857143, 0, 0, 9.044477
IMG/center_2017_07_17_12_25_31_159.jpg, IMG/left_2017_07_17_12_25_31_159.jpg, IMG/right_2017_07_17_12_25_31_159.jpg, -0.2932331, 0, 0, 8.934632
IMG/center_2017_07_17_12_25_31_294.jpg, IMG/left_2017_07_17_12_25_31_294.jpg, IMG/right_2017_07_17_12_25_31_294.jpg, -0.2932331, 0, 0, 8.826767
IMG/center_2017_07_17_12_25_31_470.jpg, IMG/left_2017_07_17_12_25_31_470.jpg, IMG/right_2017_07_17_12_25_31_470.jpg, 0, 0, 0.3856091, 6.831874
IMG/center_2017_07_17_12_25_31_596.jpg, IMG/left_2017_07_17_12_25_31_596.jpg, IMG/right_2017_07_17_12_25_31_596.jpg, 0, 0, 0, 6.48988
IMG/center_2017_07_17_12_25_31_679.jpg, IMG/left_2017_07_17_12_25_31_679.jpg, IMG/right_2017_07_17_12_25_31_679.jpg, 0, 0, 0, 6.398868
IMG/center_2017_07_17_12_25_31_862.jpg, IMG/left_2017_07_17_12_25_31_862.jpg, IMG/right_2017_07_17_12_25_31_862.jpg, 0, 0, 0.4093385, 4.756697
IMG/center_2017_07_17_12_25_31_991.jpg, IMG/left_2017_07_17_12_25_31_991.jpg, IMG/right_2017_07_17_12_25_31_991.jpg, 0, 0, 0.7971599, 4.110456
IMG/center_2017_07_17_12_25_32_085.jpg, IMG/left_2017_07_17_12_25_32_085.jpg, IMG/right_2017_07_17_12_25_32_085.jpg, 0, 0, 0.3741312, 3.858388
IMG/center_2017_07_17_12_25_32_204.jpg, IMG/left_2017_07_17_12_25_32_204.jpg, IMG/right_2017_07_17_12_25_32_204.jpg, 0, 0, 0.01784703, 3.801054
IMG/center_2017_07_17_12_25_32_329.jpg, IMG/left_2017_07_17_12_25_32_329.jpg, IMG/right_2017_07_17_12_25_32_329.jpg, 0, 0, 0.3894747, 3.572601
IMG/center_2017_07_17_12_25_32_454.jpg, IMG/left_2017_07_17_12_25_32_454.jpg, IMG/right_2017_07_17_12_25_32_454.jpg, 0, 0, 0.01112154, 3.521636
IMG/center_2017_07_17_12_25_32_587.jpg, IMG/left_2017_07_17_12_25_32_587.jpg, IMG/right_2017_07_17_12_25_32_587.jpg, 0, 0, 0, 3.487353
IMG/center_2017_07_17_12_25_32_716.jpg, IMG/left_2017_07_17_12_25_32_716.jpg, IMG/right_2017_07_17_12_25_32_716.jpg, -0.06015037, 0, 0, 3.44452
IMG/center_2017_07_17_12_25_32_852.jpg, IMG/left_2017_07_17_12_25_32_852.jpg, IMG/right_2017_07_17_12_25_32_852.jpg, -0.09774436, 0, 0, 3.395492
IMG/center_2017_07_17_12_25_32_975.jpg, IMG/left_2017_07_17_12_25_32_975.jpg, IMG/right_2017_07_17_12_25_32_975.jpg, 0, 0, 0, 3.353798
IMG/center_2017_07_17_12_25_33_102.jpg, IMG/left_2017_07_17_12_25_33_102.jpg, IMG/right_2017_07_17_12_25_33_102.jpg, 0, 0, 0, 3.306781
IMG/center_2017_07_17_12_25_33_243.jpg, IMG/left_2017_07_17_12_25_33_243.jpg, IMG/right_2017_07_17_12_25_33_243.jpg, 0, 0, 0, 3.260425
IMG/center_2017_07_17_12_25_33_363.jpg, IMG/left_2017_07_17_12_25_33_363.jpg, IMG/right_2017_07_17_12_25_33_363.jpg, 0, 0, 0, 3.221209
IMG/center_2017_07_17_12_25_33_498.jpg, IMG/left_2017_07_17_12_25_33_498.jpg, IMG/right_2017_07_17_12_25_33_498.jpg, 0, 0, 0, 3.176052
IMG/center_2017_07_17_12_25_33_625.jpg, IMG/left_2017_07_17_12_25_33_625.jpg, IMG/right_2017_07_17_12_25_33_625.jpg, 0, 0, 0, 3.13785
IMG/center_2017_07_17_12_25_33_751.jpg, IMG/left_2017_07_17_12_25_33_751.jpg, IMG/right_2017_07_17_12_25_33_751.jpg, -0.04511278, 0, 0.3791454, 2.912494
IMG/center_2017_07_17_12_25_33_893.jpg, IMG/left_2017_07_17_12_25_33_893.jpg, IMG/right_2017_07_17_12_25_33_893.jpg, -0.04511278, 0, 0, 2.893143
IMG/center_2017_07_17_12_25_34_016.jpg, IMG/left_2017_07_17_12_25_34_016.jpg, IMG/right_2017_07_17_12_25_34_016.jpg, 0, 0, 0, 2.858186
IMG/center_2017_07_17_12_25_34_191.jpg, IMG/left_2017_07_17_12_25_34_191.jpg, IMG/right_2017_07_17_12_25_34_191.jpg, 0, 0, 0.4253582, 2.568599
IMG/center_2017_07_17_12_25_34_328.jpg, IMG/left_2017_07_17_12_25_34_328.jpg, IMG/right_2017_07_17_12_25_34_328.jpg, 0, 0, 0.0661299, 2.512326
IMG/center_2017_07_17_12_25_34_413.jpg, IMG/left_2017_07_17_12_25_34_413.jpg, IMG/right_2017_07_17_12_25_34_413.jpg, 0, 0, 0, 2.474679
IMG/center_2017_07_17_12_25_34_550.jpg, IMG/left_2017_07_17_12_25_34_550.jpg, IMG/right_2017_07_17_12_25_34_550.jpg, 0, 0, 0.4163293, 2.249933
IMG/center_2017_07_17_12_25_34_715.jpg, IMG/left_2017_07_17_12_25_34_715.jpg, IMG/right_2017_07_17_12_25_34_715.jpg, 0, 0, 0.7942477, 1.861369
IMG/center_2017_07_17_12_25_34_853.jpg, IMG/left_2017_07_17_12_25_34_853.jpg, IMG/right_2017_07_17_12_25_34_853.jpg, -0.03759398, 0, 0.4283769, 1.617256
IMG/center_2017_07_17_12_25_34_979.jpg, IMG/left_2017_07_17_12_25_34_979.jpg, IMG/right_2017_07_17_12_25_34_979.jpg, -0.03759398, 0, 0.004752472, 1.597831
IMG/center_2017_07_17_12_25_35_105.jpg, IMG/left_2017_07_17_12_25_35_105.jpg, IMG/right_2017_07_17_12_25_35_105.jpg, -0.04511278, 0, 0, 1.563774
IMG/center_2017_07_17_12_25_35_188.jpg, IMG/left_2017_07_17_12_25_35_188.jpg, IMG/right_2017_07_17_12_25_35_188.jpg, -0.06766918, 0, 0, 1.544837
IMG/center_2017_07_17_12_25_35_312.jpg, IMG/left_2017_07_17_12_25_35_312.jpg, IMG/right_2017_07_17_12_25_35_312.jpg, -0.09774436, 0, 0, 1.526014
IMG/center_2017_07_17_12_25_35_454.jpg, IMG/left_2017_07_17_12_25_35_454.jpg, IMG/right_2017_07_17_12_25_35_454.jpg, -0.1203007, 0, 0, 1.504412
IMG/center_2017_07_17_12_25_35_589.jpg, IMG/left_2017_07_17_12_25_35_589.jpg, IMG/right_2017_07_17_12_25_35_589.jpg, -0.1729323, 0, 0, 1.482587
IMG/center_2017_07_17_12_25_35_716.jpg, IMG/left_2017_07_17_12_25_35_716.jpg, IMG/right_2017_07_17_12_25_35_716.jpg, -0.1804511, 0, 0, 1.464648
IMG/center_2017_07_17_12_25_35_840.jpg, IMG/left_2017_07_17_12_25_35_840.jpg, IMG/right_2017_07_17_12_25_35_840.jpg, -0.1804511, 0, 0, 1.444099
IMG/center_2017_07_17_12_25_35_975.jpg, IMG/left_2017_07_17_12_25_35_975.jpg, IMG/right_2017_07_17_12_25_35_975.jpg, 0, 0, 0, 1.425447
IMG/center_2017_07_17_12_25_36_094.jpg, IMG/left_2017_07_17_12_25_36_094.jpg, IMG/right_2017_07_17_12_25_36_094.jpg, 0, 0, 0, 1.408306
IMG/center_2017_07_17_12_25_36_231.jpg, IMG/left_2017_07_17_12_25_36_231.jpg, IMG/right_2017_07_17_12_25_36_231.jpg, 0, 0, 0, 1.388568
IMG/center_2017_07_17_12_25_36_353.jpg, IMG/left_2017_07_17_12_25_36_353.jpg, IMG/right_2017_07_17_12_25_36_353.jpg, 0, 0, 0, 1.371774
IMG/center_2017_07_17_12_25_36_486.jpg, IMG/left_2017_07_17_12_25_36_486.jpg, IMG/right_2017_07_17_12_25_36_486.jpg, 0, 0, 0, 1.352549
IMG/center_2017_07_17_12_25_36_616.jpg, IMG/left_2017_07_17_12_25_36_616.jpg, IMG/right_2017_07_17_12_25_36_616.jpg, -0.05263158, 0, 0, 1.336014
IMG/center_2017_07_17_12_25_36_738.jpg, IMG/left_2017_07_17_12_25_36_738.jpg, IMG/right_2017_07_17_12_25_36_738.jpg, 0, 0, 0, 1.31985
IMG/center_2017_07_17_12_25_36_911.jpg, IMG/left_2017_07_17_12_25_36_911.jpg, IMG/right_2017_07_17_12_25_36_911.jpg, 0, 0, 0.3917603, 1.090549
IMG/center_2017_07_17_12_25_37_040.jpg, IMG/left_2017_07_17_12_25_37_040.jpg, IMG/right_2017_07_17_12_25_37_040.jpg, 0, 0, 0, 1.086702
IMG/center_2017_07_17_12_25_37_125.jpg, IMG/left_2017_07_17_12_25_37_125.jpg, IMG/right_2017_07_17_12_25_37_125.jpg, 0, 0, 0, 1.073637
IMG/center_2017_07_17_12_25_37_250.jpg, IMG/left_2017_07_17_12_25_37_250.jpg, IMG/right_2017_07_17_12_25_37_250.jpg, 0, 0, 0, 1.060729
IMG/center_2017_07_17_12_25_37_383.jpg, IMG/left_2017_07_17_12_25_37_383.jpg, IMG/right_2017_07_17_12_25_37_383.jpg, 0, 0, 0, 1.045866
IMG/center_2017_07_17_12_25_37_512.jpg, IMG/left_2017_07_17_12_25_37_512.jpg, IMG/right_2017_07_17_12_25_37_512.jpg, 0, 0, 0, 1.033292
IMG/center_2017_07_17_12_25_37_642.jpg, IMG/left_2017_07_17_12_25_37_642.jpg, IMG/right_2017_07_17_12_25_37_642.jpg, 0, 0, 0, 1.018814
IMG/center_2017_07_17_12_25_37_769.jpg, IMG/left_2017_07_17_12_25_37_769.jpg, IMG/right_2017_07_17_12_25_37_769.jpg, 0, 0, 0, 1.006566
IMG/center_2017_07_17_12_27_47_741.jpg, IMG/left_2017_07_17_12_27_47_741.jpg, IMG/right_2017_07_17_12_27_47_741.jpg, 0, 0, 0, 5.495556E-06
IMG/center_2017_07_17_12_27_47_857.jpg, IMG/left_2017_07_17_12_27_47_857.jpg, IMG/right_2017_07_17_12_27_47_857.jpg, 0, 0, 0, 4.355089E-06
IMG/center_2017_07_17_12_27_47_996.jpg, IMG/left_2017_07_17_12_27_47_996.jpg, IMG/right_2017_07_17_12_27_47_996.jpg, 0, 0, 0, 1.13378E-05
IMG/center_2017_07_17_12_27_48_142.jpg, IMG/left_2017_07_17_12_27_48_142.jpg, IMG/right_2017_07_17_12_27_48_142.jpg, 0, 0, 0, 3.277904E-06
IMG/center_2017_07_17_12_27_48_278.jpg, IMG/left_2017_07_17_12_27_48_278.jpg, IMG/right_2017_07_17_12_27_48_278.jpg, 0, 0, 0, 4.763951E-06
IMG/center_2017_07_17_12_27_48_441.jpg, IMG/left_2017_07_17_12_27_48_441.jpg, IMG/right_2017_07_17_12_27_48_441.jpg, 0, 0.3668882, 0, 0.4997396
IMG/center_2017_07_17_12_27_48_581.jpg, IMG/left_2017_07_17_12_27_48_581.jpg, IMG/right_2017_07_17_12_27_48_581.jpg, 0, 0.78682, 0, 1.739478
IMG/center_2017_07_17_12_27_48_667.jpg, IMG/left_2017_07_17_12_27_48_667.jpg, IMG/right_2017_07_17_12_27_48_667.jpg, 0, 1, 0, 3.111313
IMG/center_2017_07_17_12_27_48_806.jpg, IMG/left_2017_07_17_12_27_48_806.jpg, IMG/right_2017_07_17_12_27_48_806.jpg, 0, 1, 0, 4.749506
IMG/center_2017_07_17_12_27_48_932.jpg, IMG/left_2017_07_17_12_27_48_932.jpg, IMG/right_2017_07_17_12_27_48_932.jpg, 0, 1, 0, 6.138256
IMG/center_2017_07_17_12_27_49_030.jpg, IMG/left_2017_07_17_12_27_49_030.jpg, IMG/right_2017_07_17_12_27_49_030.jpg, 0, 1, 0, 7.283278
IMG/center_2017_07_17_12_27_49_139.jpg, IMG/left_2017_07_17_12_27_49_139.jpg, IMG/right_2017_07_17_12_27_49_139.jpg, 0, 0.6801571, 0, 8.202969
IMG/center_2017_07_17_12_27_49_238.jpg, IMG/left_2017_07_17_12_27_49_238.jpg, IMG/right_2017_07_17_12_27_49_238.jpg, 0, 0.3716501, 0, 8.592013
IMG/center_2017_07_17_12_27_49_337.jpg, IMG/left_2017_07_17_12_27_49_337.jpg, IMG/right_2017_07_17_12_27_49_337.jpg, 0, 0.08177886, 0, 8.625492
IMG/center_2017_07_17_12_27_49_429.jpg, IMG/left_2017_07_17_12_27_49_429.jpg, IMG/right_2017_07_17_12_27_49_429.jpg, 0, 0.3628261, 0, 8.888624
IMG/center_2017_07_17_12_27_49_544.jpg, IMG/left_2017_07_17_12_27_49_544.jpg, IMG/right_2017_07_17_12_27_49_544.jpg, 0, 0.700677, 0, 9.773561
IMG/center_2017_07_17_12_27_49_636.jpg, IMG/left_2017_07_17_12_27_49_636.jpg, IMG/right_2017_07_17_12_27_49_636.jpg, 0, 0.9824052, 0, 10.83882
IMG/center_2017_07_17_12_27_49_751.jpg, IMG/left_2017_07_17_12_27_49_751.jpg, IMG/right_2017_07_17_12_27_49_751.jpg, 0, 1, 0, 12.06463
IMG/center_2017_07_17_12_27_49_902.jpg, IMG/left_2017_07_17_12_27_49_902.jpg, IMG/right_2017_07_17_12_27_49_902.jpg, 0, 1, 0, 13.11385
IMG/center_2017_07_17_12_27_50_032.jpg, IMG/left_2017_07_17_12_27_50_032.jpg, IMG/right_2017_07_17_12_27_50_032.jpg, 0, 0.6401902, 0, 13.91403
IMG/center_2017_07_17_12_27_50_144.jpg, IMG/left_2017_07_17_12_27_50_144.jpg, IMG/right_2017_07_17_12_27_50_144.jpg, 0, 0.2975762, 0, 14.31183
IMG/center_2017_07_17_12_27_50_263.jpg, IMG/left_2017_07_17_12_27_50_263.jpg, IMG/right_2017_07_17_12_27_50_263.jpg, 0, 0, 0, 14.20844
IMG/center_2017_07_17_12_27_50_385.jpg, IMG/left_2017_07_17_12_27_50_385.jpg, IMG/right_2017_07_17_12_27_50_385.jpg, 0, 0, 0, 13.99429
IMG/center_2017_07_17_12_27_50_500.jpg, IMG/left_2017_07_17_12_27_50_500.jpg, IMG/right_2017_07_17_12_27_50_500.jpg, 0, 0.336238, 0, 14.16983
IMG/center_2017_07_17_12_27_50_615.jpg, IMG/left_2017_07_17_12_27_50_615.jpg, IMG/right_2017_07_17_12_27_50_615.jpg, 0, 0.7077354, 0, 15.28944
IMG/center_2017_07_17_12_27_50_726.jpg, IMG/left_2017_07_17_12_27_50_726.jpg, IMG/right_2017_07_17_12_27_50_726.jpg, 0.03759398, 0.3523761, 0, 15.70615
IMG/center_2017_07_17_12_27_50_837.jpg, IMG/left_2017_07_17_12_27_50_837.jpg, IMG/right_2017_07_17_12_27_50_837.jpg, 0.112782, 0.03602922, 0, 15.0708
IMG/center_2017_07_17_12_27_50_935.jpg, IMG/left_2017_07_17_12_27_50_935.jpg, IMG/right_2017_07_17_12_27_50_935.jpg, 0.112782, 0, 0, 15.48343
IMG/center_2017_07_17_12_27_51_038.jpg, IMG/left_2017_07_17_12_27_51_038.jpg, IMG/right_2017_07_17_12_27_51_038.jpg, 0.112782, 0, 0, 14.78193
IMG/center_2017_07_17_12_27_51_143.jpg, IMG/left_2017_07_17_12_27_51_143.jpg, IMG/right_2017_07_17_12_27_51_143.jpg, 0, 0, 0, 15.20364
IMG/center_2017_07_17_12_27_51_246.jpg, IMG/left_2017_07_17_12_27_51_246.jpg, IMG/right_2017_07_17_12_27_51_246.jpg, 0, 0, 0, 14.5553
IMG/center_2017_07_17_12_27_51_350.jpg, IMG/left_2017_07_17_12_27_51_350.jpg, IMG/right_2017_07_17_12_27_51_350.jpg, 0, 0, 0, 14.35356
IMG/center_2017_07_17_12_27_51_451.jpg, IMG/left_2017_07_17_12_27_51_451.jpg, IMG/right_2017_07_17_12_27_51_451.jpg, 0, 0.3406304, 0, 15.06361
IMG/center_2017_07_17_12_27_51_549.jpg, IMG/left_2017_07_17_12_27_51_549.jpg, IMG/right_2017_07_17_12_27_51_549.jpg, 0, 0.6011648, 0, 15.45055
IMG/center_2017_07_17_12_27_51_648.jpg, IMG/left_2017_07_17_12_27_51_648.jpg, IMG/right_2017_07_17_12_27_51_648.jpg, 0, 0.9042621, 0, 16.4243
IMG/center_2017_07_17_12_27_51_722.jpg, IMG/left_2017_07_17_12_27_51_722.jpg, IMG/right_2017_07_17_12_27_51_722.jpg, 0, 1, 0, 17.23033
IMG/center_2017_07_17_12_27_51_826.jpg, IMG/left_2017_07_17_12_27_51_826.jpg, IMG/right_2017_07_17_12_27_51_826.jpg, 0, 1, 0, 18.46335
IMG/center_2017_07_17_12_27_51_929.jpg, IMG/left_2017_07_17_12_27_51_929.jpg, IMG/right_2017_07_17_12_27_51_929.jpg, 0, 1, 0, 19.33794
IMG/center_2017_07_17_12_27_52_035.jpg, IMG/left_2017_07_17_12_27_52_035.jpg, IMG/right_2017_07_17_12_27_52_035.jpg, 0, 0.6835927, 0, 20.16981
IMG/center_2017_07_17_12_27_52_135.jpg, IMG/left_2017_07_17_12_27_52_135.jpg, IMG/right_2017_07_17_12_27_52_135.jpg, 0, 0.3817851, 0, 20.53274
IMG/center_2017_07_17_12_27_52_233.jpg, IMG/left_2017_07_17_12_27_52_233.jpg, IMG/right_2017_07_17_12_27_52_233.jpg, 0, 0.09387499, 0, 20.51411
IMG/center_2017_07_17_12_27_52_332.jpg, IMG/left_2017_07_17_12_27_52_332.jpg, IMG/right_2017_07_17_12_27_52_332.jpg, 0, 0, 0, 20.01913
IMG/center_2017_07_17_12_27_52_436.jpg, IMG/left_2017_07_17_12_27_52_436.jpg, IMG/right_2017_07_17_12_27_52_436.jpg, 0, 0, 0, 19.76425
IMG/center_2017_07_17_12_27_52_533.jpg, IMG/left_2017_07_17_12_27_52_533.jpg, IMG/right_2017_07_17_12_27_52_533.jpg, 0, 0.2964854, 0, 19.88951
IMG/center_2017_07_17_12_27_52_624.jpg, IMG/left_2017_07_17_12_27_52_624.jpg, IMG/right_2017_07_17_12_27_52_624.jpg, 0, 0.5692735, 0, 20.59008
IMG/center_2017_07_17_12_27_52_725.jpg, IMG/left_2017_07_17_12_27_52_725.jpg, IMG/right_2017_07_17_12_27_52_725.jpg, 0, 0.8675034, 0, 21.2515
IMG/center_2017_07_17_12_27_52_819.jpg, IMG/left_2017_07_17_12_27_52_819.jpg, IMG/right_2017_07_17_12_27_52_819.jpg, 0, 1, 0, 22.30561
IMG/center_2017_07_17_12_27_52_913.jpg, IMG/left_2017_07_17_12_27_52_913.jpg, IMG/right_2017_07_17_12_27_52_913.jpg, 0, 1, 0, 23.08355
IMG/center_2017_07_17_12_27_53_007.jpg, IMG/left_2017_07_17_12_27_53_007.jpg, IMG/right_2017_07_17_12_27_53_007.jpg, 0.04511278, 0.7196242, 0, 23.75778
IMG/center_2017_07_17_12_27_53_106.jpg, IMG/left_2017_07_17_12_27_53_106.jpg, IMG/right_2017_07_17_12_27_53_106.jpg, 0.06015037, 0.4262712, 0, 24.07635
IMG/center_2017_07_17_12_27_53_202.jpg, IMG/left_2017_07_17_12_27_53_202.jpg, IMG/right_2017_07_17_12_27_53_202.jpg, 0.09022556, 0.1356242, 0, 24.03209
IMG/center_2017_07_17_12_27_53_283.jpg, IMG/left_2017_07_17_12_27_53_283.jpg, IMG/right_2017_07_17_12_27_53_283.jpg, 0.09022556, 0, 0, 23.84904
IMG/center_2017_07_17_12_27_53_368.jpg, IMG/left_2017_07_17_12_27_53_368.jpg, IMG/right_2017_07_17_12_27_53_368.jpg, 0.09022556, 0, 0, 23.65755
IMG/center_2017_07_17_12_27_53_465.jpg, IMG/left_2017_07_17_12_27_53_465.jpg, IMG/right_2017_07_17_12_27_53_465.jpg, 0.09774436, 0, 0, 23.41867
IMG/center_2017_07_17_12_27_53_550.jpg, IMG/left_2017_07_17_12_27_53_550.jpg, IMG/right_2017_07_17_12_27_53_550.jpg, 0, 0, 0, 23.22803
IMG/center_2017_07_17_12_27_53_634.jpg, IMG/left_2017_07_17_12_27_53_634.jpg, IMG/right_2017_07_17_12_27_53_634.jpg, 0, 0, 0, 22.9942
IMG/center_2017_07_17_12_27_53_721.jpg, IMG/left_2017_07_17_12_27_53_721.jpg, IMG/right_2017_07_17_12_27_53_721.jpg, 0, 0.2638042, 0, 23.04395
IMG/center_2017_07_17_12_27_53_806.jpg, IMG/left_2017_07_17_12_27_53_806.jpg, IMG/right_2017_07_17_12_27_53_806.jpg, 0, 0.5138602, 0, 23.33191
IMG/center_2017_07_17_12_27_53_895.jpg, IMG/left_2017_07_17_12_27_53_895.jpg, IMG/right_2017_07_17_12_27_53_895.jpg, 0, 0.779577, 0, 23.96
IMG/center_2017_07_17_12_27_53_995.jpg, IMG/left_2017_07_17_12_27_53_995.jpg, IMG/right_2017_07_17_12_27_53_995.jpg, 0, 0.4843042, 0, 24.27681
IMG/center_2017_07_17_12_27_54_067.jpg, IMG/left_2017_07_17_12_27_54_067.jpg, IMG/right_2017_07_17_12_27_54_067.jpg, 0, 0.2613741, 0, 24.37229
IMG/center_2017_07_17_12_27_54_163.jpg, IMG/left_2017_07_17_12_27_54_163.jpg, IMG/right_2017_07_17_12_27_54_163.jpg, 0, 0, 0, 24.19918
IMG/center_2017_07_17_12_27_54_258.jpg, IMG/left_2017_07_17_12_27_54_258.jpg, IMG/right_2017_07_17_12_27_54_258.jpg, 0, 0, 0, 23.93538
IMG/center_2017_07_17_12_27_54_348.jpg, IMG/left_2017_07_17_12_27_54_348.jpg, IMG/right_2017_07_17_12_27_54_348.jpg, 0.02255639, 0, 0, 23.74656
IMG/center_2017_07_17_12_27_54_445.jpg, IMG/left_2017_07_17_12_27_54_445.jpg, IMG/right_2017_07_17_12_27_54_445.jpg, 0.07518797, 0, 0, 23.50627
IMG/center_2017_07_17_12_27_54_543.jpg, IMG/left_2017_07_17_12_27_54_543.jpg, IMG/right_2017_07_17_12_27_54_543.jpg, 0.1052632, 0, 0, 23.26362
IMG/center_2017_07_17_12_27_54_636.jpg, IMG/left_2017_07_17_12_27_54_636.jpg, IMG/right_2017_07_17_12_27_54_636.jpg, 0.1654135, 0, 0, 23.01683
IMG/center_2017_07_17_12_27_54_711.jpg, IMG/left_2017_07_17_12_27_54_711.jpg, IMG/right_2017_07_17_12_27_54_711.jpg, 0.2255639, 0, 0, 22.86304
IMG/center_2017_07_17_12_27_54_805.jpg, IMG/left_2017_07_17_12_27_54_805.jpg, IMG/right_2017_07_17_12_27_54_805.jpg, 0.3383459, 0, 0, 22.57697
IMG/center_2017_07_17_12_27_54_892.jpg, IMG/left_2017_07_17_12_27_54_892.jpg, IMG/right_2017_07_17_12_27_54_892.jpg, 0.368421, 0, 0, 22.36403
IMG/center_2017_07_17_12_27_54_983.jpg, IMG/left_2017_07_17_12_27_54_983.jpg, IMG/right_2017_07_17_12_27_54_983.jpg, 0.3834586, 0, 0, 22.11382
IMG/center_2017_07_17_12_27_55_063.jpg, IMG/left_2017_07_17_12_27_55_063.jpg, IMG/right_2017_07_17_12_27_55_063.jpg, 0.3834586, 0, 0, 21.92464
IMG/center_2017_07_17_12_27_55_142.jpg, IMG/left_2017_07_17_12_27_55_142.jpg, IMG/right_2017_07_17_12_27_55_142.jpg, 0.3909774, 0, 0, 21.73851
IMG/center_2017_07_17_12_27_55_219.jpg, IMG/left_2017_07_17_12_27_55_219.jpg, IMG/right_2017_07_17_12_27_55_219.jpg, 0.3984962, 0, 0, 21.55435
IMG/center_2017_07_17_12_27_55_301.jpg, IMG/left_2017_07_17_12_27_55_301.jpg, IMG/right_2017_07_17_12_27_55_301.jpg, 0.3984962, 0, 0, 21.37409
IMG/center_2017_07_17_12_27_55_386.jpg, IMG/left_2017_07_17_12_27_55_386.jpg, IMG/right_2017_07_17_12_27_55_386.jpg, 0.368421, 0, 0, 21.20297
IMG/center_2017_07_17_12_27_55_476.jpg, IMG/left_2017_07_17_12_27_55_476.jpg, IMG/right_2017_07_17_12_27_55_476.jpg, 0, 0, 0, 20.9581
IMG/center_2017_07_17_12_27_55_554.jpg, IMG/left_2017_07_17_12_27_55_554.jpg, IMG/right_2017_07_17_12_27_55_554.jpg, 0, 0, 0, 20.80328
IMG/center_2017_07_17_12_27_55_636.jpg, IMG/left_2017_07_17_12_27_55_636.jpg, IMG/right_2017_07_17_12_27_55_636.jpg, 0, 0, 0, 20.64962
IMG/center_2017_07_17_12_27_55_717.jpg, IMG/left_2017_07_17_12_27_55_717.jpg, IMG/right_2017_07_17_12_27_55_717.jpg, 0, 0, 0, 20.51007
IMG/center_2017_07_17_12_27_55_796.jpg, IMG/left_2017_07_17_12_27_55_796.jpg, IMG/right_2017_07_17_12_27_55_796.jpg, 0, 0, 0, 20.34906
IMG/center_2017_07_17_12_27_55_875.jpg, IMG/left_2017_07_17_12_27_55_875.jpg, IMG/right_2017_07_17_12_27_55_875.jpg, 0, 0, 0, 20.20607
IMG/center_2017_07_17_12_27_55_963.jpg, IMG/left_2017_07_17_12_27_55_963.jpg, IMG/right_2017_07_17_12_27_55_963.jpg, 0, 0, 0, 20.08941
IMG/center_2017_07_17_12_27_56_046.jpg, IMG/left_2017_07_17_12_27_56_046.jpg, IMG/right_2017_07_17_12_27_56_046.jpg, 0.06015037, 0, 0, 19.9353
IMG/center_2017_07_17_12_27_56_127.jpg, IMG/left_2017_07_17_12_27_56_127.jpg, IMG/right_2017_07_17_12_27_56_127.jpg, 0.1503759, 0, 0, 19.7688
IMG/center_2017_07_17_12_27_56_209.jpg, IMG/left_2017_07_17_12_27_56_209.jpg, IMG/right_2017_07_17_12_27_56_209.jpg, 0.2631579, 0, 0, 19.5833
IMG/center_2017_07_17_12_27_56_293.jpg, IMG/left_2017_07_17_12_27_56_293.jpg, IMG/right_2017_07_17_12_27_56_293.jpg, 0.2781955, 0, 0, 19.42132
IMG/center_2017_07_17_12_27_56_374.jpg, IMG/left_2017_07_17_12_27_56_374.jpg, IMG/right_2017_07_17_12_27_56_374.jpg, 0.3233083, 0, 0, 19.25792
IMG/center_2017_07_17_12_27_56_463.jpg, IMG/left_2017_07_17_12_27_56_463.jpg, IMG/right_2017_07_17_12_27_56_463.jpg, 0.406015, 0, 0, 18.5722
IMG/center_2017_07_17_12_27_56_547.jpg, IMG/left_2017_07_17_12_27_56_547.jpg, IMG/right_2017_07_17_12_27_56_547.jpg, 0.4285714, 0, 0, 18.3907
IMG/center_2017_07_17_12_27_56_641.jpg, IMG/left_2017_07_17_12_27_56_641.jpg, IMG/right_2017_07_17_12_27_56_641.jpg, 0.4360902, 0, 0, 18.66021
IMG/center_2017_07_17_12_27_56_725.jpg, IMG/left_2017_07_17_12_27_56_725.jpg, IMG/right_2017_07_17_12_27_56_725.jpg, 0.4360902, 0, 0, 18.50653
IMG/center_2017_07_17_12_27_56_804.jpg, IMG/left_2017_07_17_12_27_56_804.jpg, IMG/right_2017_07_17_12_27_56_804.jpg, 0.4360902, 0, 0, 18.3566
IMG/center_2017_07_17_12_27_56_899.jpg, IMG/left_2017_07_17_12_27_56_899.jpg, IMG/right_2017_07_17_12_27_56_899.jpg, 0.4360902, 0, 0, 17.67286
IMG/center_2017_07_17_12_27_56_979.jpg, IMG/left_2017_07_17_12_27_56_979.jpg, IMG/right_2017_07_17_12_27_56_979.jpg, 0.4586466, 0, 0, 17.51564
IMG/center_2017_07_17_12_27_57_067.jpg, IMG/left_2017_07_17_12_27_57_067.jpg, IMG/right_2017_07_17_12_27_57_067.jpg, 0.5037594, 0, 0, 17.34859
IMG/center_2017_07_17_12_27_57_173.jpg, IMG/left_2017_07_17_12_27_57_173.jpg, IMG/right_2017_07_17_12_27_57_173.jpg, 0.5112782, 0, 0, 17.67003
IMG/center_2017_07_17_12_27_57_295.jpg, IMG/left_2017_07_17_12_27_57_295.jpg, IMG/right_2017_07_17_12_27_57_295.jpg, 0.5112782, 0, 0, 16.96816
IMG/center_2017_07_17_12_27_57_395.jpg, IMG/left_2017_07_17_12_27_57_395.jpg, IMG/right_2017_07_17_12_27_57_395.jpg, 0.5112782, 0, 0, 17.31211
IMG/center_2017_07_17_12_27_57_490.jpg, IMG/left_2017_07_17_12_27_57_490.jpg, IMG/right_2017_07_17_12_27_57_490.jpg, 0, 0, 0, 16.5655
IMG/center_2017_07_17_12_27_57_592.jpg, IMG/left_2017_07_17_12_27_57_592.jpg, IMG/right_2017_07_17_12_27_57_592.jpg, 0, 0, 0, 16.89941
IMG/center_2017_07_17_12_27_57_703.jpg, IMG/left_2017_07_17_12_27_57_703.jpg, IMG/right_2017_07_17_12_27_57_703.jpg, 0, 0, 0, 16.19027
IMG/center_2017_07_17_12_27_57_803.jpg, IMG/left_2017_07_17_12_27_57_803.jpg, IMG/right_2017_07_17_12_27_57_803.jpg, 0, 0, 0, 15.98968
IMG/center_2017_07_17_12_27_57_907.jpg, IMG/left_2017_07_17_12_27_57_907.jpg, IMG/right_2017_07_17_12_27_57_907.jpg, 0, 0, 0, 16.37328
IMG/center_2017_07_17_12_27_58_015.jpg, IMG/left_2017_07_17_12_27_58_015.jpg, IMG/right_2017_07_17_12_27_58_015.jpg, 0, 0, 0, 15.67487
IMG/center_2017_07_17_12_27_58_118.jpg, IMG/left_2017_07_17_12_27_58_118.jpg, IMG/right_2017_07_17_12_27_58_118.jpg, 0, 0, 0, 16.06339
IMG/center_2017_07_17_12_27_58_224.jpg, IMG/left_2017_07_17_12_27_58_224.jpg, IMG/right_2017_07_17_12_27_58_224.jpg, 0.08270676, 0, 0, 15.3731
IMG/center_2017_07_17_12_27_58_330.jpg, IMG/left_2017_07_17_12_27_58_330.jpg, IMG/right_2017_07_17_12_27_58_330.jpg, 0.1654135, 0, 0, 15.17698
IMG/center_2017_07_17_12_27_58_428.jpg, IMG/left_2017_07_17_12_27_58_428.jpg, IMG/right_2017_07_17_12_27_58_428.jpg, 0.1879699, 0, 0, 15.04946
IMG/center_2017_07_17_12_27_58_533.jpg, IMG/left_2017_07_17_12_27_58_533.jpg, IMG/right_2017_07_17_12_27_58_533.jpg, 0.2030075, 0, 0, 14.86279
IMG/center_2017_07_17_12_27_58_634.jpg, IMG/left_2017_07_17_12_27_58_634.jpg, IMG/right_2017_07_17_12_27_58_634.jpg, 0.2631579, 0, 0, 15.21727
IMG/center_2017_07_17_12_27_58_737.jpg, IMG/left_2017_07_17_12_27_58_737.jpg, IMG/right_2017_07_17_12_27_58_737.jpg, 0.2706767, 0, 0, 14.54752
IMG/center_2017_07_17_12_27_58_847.jpg, IMG/left_2017_07_17_12_27_58_847.jpg, IMG/right_2017_07_17_12_27_58_847.jpg, 0.2706767, 0, 0, 14.91429
IMG/center_2017_07_17_12_27_58_963.jpg, IMG/left_2017_07_17_12_27_58_963.jpg, IMG/right_2017_07_17_12_27_58_963.jpg, 0, 0, 0, 14.69583
IMG/center_2017_07_17_12_27_59_065.jpg, IMG/left_2017_07_17_12_27_59_065.jpg, IMG/right_2017_07_17_12_27_59_065.jpg, 0, 0, 0, 14.0283
IMG/center_2017_07_17_12_27_59_180.jpg, IMG/left_2017_07_17_12_27_59_180.jpg, IMG/right_2017_07_17_12_27_59_180.jpg, 0, 0, 0, 13.90133
IMG/center_2017_07_17_12_27_59_285.jpg, IMG/left_2017_07_17_12_27_59_285.jpg, IMG/right_2017_07_17_12_27_59_285.jpg, 0, 0, 0, 13.75254
IMG/center_2017_07_17_12_27_59_393.jpg, IMG/left_2017_07_17_12_27_59_393.jpg, IMG/right_2017_07_17_12_27_59_393.jpg, 0.04511278, 0, 0, 14.08019
IMG/center_2017_07_17_12_27_59_500.jpg, IMG/left_2017_07_17_12_27_59_500.jpg, IMG/right_2017_07_17_12_27_59_500.jpg, 0.112782, 0, 0, 13.35975
IMG/center_2017_07_17_12_27_59_608.jpg, IMG/left_2017_07_17_12_27_59_608.jpg, IMG/right_2017_07_17_12_27_59_608.jpg, 0.1954887, 0, 0, 13.23564
IMG/center_2017_07_17_12_27_59_715.jpg, IMG/left_2017_07_17_12_27_59_715.jpg, IMG/right_2017_07_17_12_27_59_715.jpg, 0.2330827, 0, 0, 13.58913
IMG/center_2017_07_17_12_27_59_827.jpg, IMG/left_2017_07_17_12_27_59_827.jpg, IMG/right_2017_07_17_12_27_59_827.jpg, 0.2706767, 0, 0, 12.86327
IMG/center_2017_07_17_12_27_59_936.jpg, IMG/left_2017_07_17_12_27_59_936.jpg, IMG/right_2017_07_17_12_27_59_936.jpg, 0.2706767, 0, 0, 12.78323
IMG/center_2017_07_17_12_28_00_054.jpg, IMG/left_2017_07_17_12_28_00_054.jpg, IMG/right_2017_07_17_12_28_00_054.jpg, 0.2781955, 0, 0, 13.04541
IMG/center_2017_07_17_12_28_00_165.jpg, IMG/left_2017_07_17_12_28_00_165.jpg, IMG/right_2017_07_17_12_28_00_165.jpg, 0.3157895, 0, 0, 12.88474
IMG/center_2017_07_17_12_28_00_274.jpg, IMG/left_2017_07_17_12_28_00_274.jpg, IMG/right_2017_07_17_12_28_00_274.jpg, 0, 0, 0, 12.64124
IMG/center_2017_07_17_12_28_00_380.jpg, IMG/left_2017_07_17_12_28_00_380.jpg, IMG/right_2017_07_17_12_28_00_380.jpg, 0, 0, 0, 12.33165
IMG/center_2017_07_17_12_28_00_488.jpg, IMG/left_2017_07_17_12_28_00_488.jpg, IMG/right_2017_07_17_12_28_00_488.jpg, 0, 0, 0, 12.09233
IMG/center_2017_07_17_12_28_00_599.jpg, IMG/left_2017_07_17_12_28_00_599.jpg, IMG/right_2017_07_17_12_28_00_599.jpg, 0, 0, 0, 12.20554
IMG/center_2017_07_17_12_28_00_712.jpg, IMG/left_2017_07_17_12_28_00_712.jpg, IMG/right_2017_07_17_12_28_00_712.jpg, 0, 0, 0, 12.06785
IMG/center_2017_07_17_12_28_00_823.jpg, IMG/left_2017_07_17_12_28_00_823.jpg, IMG/right_2017_07_17_12_28_00_823.jpg, 0.07518797, 0, 0, 11.70008
IMG/center_2017_07_17_12_28_00_934.jpg, IMG/left_2017_07_17_12_28_00_934.jpg, IMG/right_2017_07_17_12_28_00_934.jpg, 0.1578947, 0, 0, 11.54554
IMG/center_2017_07_17_12_28_01_040.jpg, IMG/left_2017_07_17_12_28_01_040.jpg, IMG/right_2017_07_17_12_28_01_040.jpg, 0.2255639, 0, 0, 11.65875
IMG/center_2017_07_17_12_28_01_153.jpg, IMG/left_2017_07_17_12_28_01_153.jpg, IMG/right_2017_07_17_12_28_01_153.jpg, 0.2706767, 0, 0, 11.49409
IMG/center_2017_07_17_12_28_01_264.jpg, IMG/left_2017_07_17_12_28_01_264.jpg, IMG/right_2017_07_17_12_28_01_264.jpg, 0.3157895, 0, 0, 11.36377
IMG/center_2017_07_17_12_28_01_368.jpg, IMG/left_2017_07_17_12_28_01_368.jpg, IMG/right_2017_07_17_12_28_01_368.jpg, 0.3157895, 0, 0, 11.23392
IMG/center_2017_07_17_12_28_01_445.jpg, IMG/left_2017_07_17_12_28_01_445.jpg, IMG/right_2017_07_17_12_28_01_445.jpg, 0.3157895, 0, 0, 11.0858
IMG/center_2017_07_17_12_28_01_549.jpg, IMG/left_2017_07_17_12_28_01_549.jpg, IMG/right_2017_07_17_12_28_01_549.jpg, 0, 0, 0, 10.95086
IMG/center_2017_07_17_12_28_01_658.jpg, IMG/left_2017_07_17_12_28_01_658.jpg, IMG/right_2017_07_17_12_28_01_658.jpg, 0, 0, 0, 10.81739
IMG/center_2017_07_17_12_28_01_762.jpg, IMG/left_2017_07_17_12_28_01_762.jpg, IMG/right_2017_07_17_12_28_01_762.jpg, 0, 0, 0, 10.70872
IMG/center_2017_07_17_12_28_01_861.jpg, IMG/left_2017_07_17_12_28_01_861.jpg, IMG/right_2017_07_17_12_28_01_861.jpg, 0, 0, 0, 10.60123
IMG/center_2017_07_17_12_28_01_984.jpg, IMG/left_2017_07_17_12_28_01_984.jpg, IMG/right_2017_07_17_12_28_01_984.jpg, 0, 0, 0, 10.47368
IMG/center_2017_07_17_12_28_02_075.jpg, IMG/left_2017_07_17_12_28_02_075.jpg, IMG/right_2017_07_17_12_28_02_075.jpg, 0, 0, 0, 10.36856
IMG/center_2017_07_17_12_28_02_181.jpg, IMG/left_2017_07_17_12_28_02_181.jpg, IMG/right_2017_07_17_12_28_02_181.jpg, 0, 0, 0, 10.26449
IMG/center_2017_07_17_12_28_02_287.jpg, IMG/left_2017_07_17_12_28_02_287.jpg, IMG/right_2017_07_17_12_28_02_287.jpg, 0, 0, 0, 10.16147
IMG/center_2017_07_17_12_28_02_386.jpg, IMG/left_2017_07_17_12_28_02_386.jpg, IMG/right_2017_07_17_12_28_02_386.jpg, 0, 0, 0, 10.05949
IMG/center_2017_07_17_12_28_02_493.jpg, IMG/left_2017_07_17_12_28_02_493.jpg, IMG/right_2017_07_17_12_28_02_493.jpg, 0, 0, 0, 9.958523
IMG/center_2017_07_17_12_28_02_600.jpg, IMG/left_2017_07_17_12_28_02_600.jpg, IMG/right_2017_07_17_12_28_02_600.jpg, 0, 0, 0, 9.838703
IMG/center_2017_07_17_12_28_02_704.jpg, IMG/left_2017_07_17_12_28_02_704.jpg, IMG/right_2017_07_17_12_28_02_704.jpg, 0, 0, 0, 9.739957
IMG/center_2017_07_17_12_28_02_844.jpg, IMG/left_2017_07_17_12_28_02_844.jpg, IMG/right_2017_07_17_12_28_02_844.jpg, 0, 0, 0.3151602, 8.338332
IMG/center_2017_07_17_12_28_02_950.jpg, IMG/left_2017_07_17_12_28_02_950.jpg, IMG/right_2017_07_17_12_28_02_950.jpg, 0, 0, 0.627554, 6.861245
IMG/center_2017_07_17_12_28_03_050.jpg, IMG/left_2017_07_17_12_28_03_050.jpg, IMG/right_2017_07_17_12_28_03_050.jpg, 0, 0, 0.9527214, 5.117269
IMG/center_2017_07_17_12_28_03_157.jpg, IMG/left_2017_07_17_12_28_03_157.jpg, IMG/right_2017_07_17_12_28_03_157.jpg, 0, 0, 1, 4.324028
IMG/center_2017_07_17_12_28_03_229.jpg, IMG/left_2017_07_17_12_28_03_229.jpg, IMG/right_2017_07_17_12_28_03_229.jpg, 0, 0, 0.6777708, 4.029889
IMG/center_2017_07_17_12_28_03_326.jpg, IMG/left_2017_07_17_12_28_03_326.jpg, IMG/right_2017_07_17_12_28_03_326.jpg, 0, 0, 0.3908768, 3.844282
IMG/center_2017_07_17_12_28_03_436.jpg, IMG/left_2017_07_17_12_28_03_436.jpg, IMG/right_2017_07_17_12_28_03_436.jpg, 0, 0, 0.7234731, 3.466831
IMG/center_2017_07_17_12_28_03_532.jpg, IMG/left_2017_07_17_12_28_03_532.jpg, IMG/right_2017_07_17_12_28_03_532.jpg, 0, 0, 1, 3.162264
IMG/center_2017_07_17_12_28_03_643.jpg, IMG/left_2017_07_17_12_28_03_643.jpg, IMG/right_2017_07_17_12_28_03_643.jpg, 0, 0, 0.6732682, 2.843391
IMG/center_2017_07_17_12_28_03_746.jpg, IMG/left_2017_07_17_12_28_03_746.jpg, IMG/right_2017_07_17_12_28_03_746.jpg, 0, 0, 0.3587202, 2.692637
IMG/center_2017_07_17_12_28_03_847.jpg, IMG/left_2017_07_17_12_28_03_847.jpg, IMG/right_2017_07_17_12_28_03_847.jpg, 0, 0, 0.6621337, 2.411267
IMG/center_2017_07_17_12_28_03_983.jpg, IMG/left_2017_07_17_12_28_03_983.jpg, IMG/right_2017_07_17_12_28_03_983.jpg, 0, 0, 0.3492259, 2.269094
IMG/center_2017_07_17_12_28_04_087.jpg, IMG/left_2017_07_17_12_28_04_087.jpg, IMG/right_2017_07_17_12_28_04_087.jpg, 0, 0, 0.03322841, 2.233621
IMG/center_2017_07_17_12_28_04_193.jpg, IMG/left_2017_07_17_12_28_04_193.jpg, IMG/right_2017_07_17_12_28_04_193.jpg, 0, 0, 0, 2.181581
IMG/center_2017_07_17_12_28_04_272.jpg, IMG/left_2017_07_17_12_28_04_272.jpg, IMG/right_2017_07_17_12_28_04_272.jpg, 0, 0, 0, 2.159694
IMG/center_2017_07_17_12_28_04_372.jpg, IMG/left_2017_07_17_12_28_04_372.jpg, IMG/right_2017_07_17_12_28_04_372.jpg, 0, 0, 0, 2.138028
IMG/center_2017_07_17_12_28_04_472.jpg, IMG/left_2017_07_17_12_28_04_472.jpg, IMG/right_2017_07_17_12_28_04_472.jpg, 0, 0, 0.303661, 2.012302
IMG/center_2017_07_17_12_28_04_607.jpg, IMG/left_2017_07_17_12_28_04_607.jpg, IMG/right_2017_07_17_12_28_04_607.jpg, 0, 0, 0, 1.981155
IMG/center_2017_07_17_12_28_04_674.jpg, IMG/left_2017_07_17_12_28_04_674.jpg, IMG/right_2017_07_17_12_28_04_674.jpg, 0, 0, 0, 1.965189
IMG/center_2017_07_17_12_28_04_777.jpg, IMG/left_2017_07_17_12_28_04_777.jpg, IMG/right_2017_07_17_12_28_04_777.jpg, 0, 0, 0, 1.941481
IMG/center_2017_07_17_12_28_04_878.jpg, IMG/left_2017_07_17_12_28_04_878.jpg, IMG/right_2017_07_17_12_28_04_878.jpg, 0, 0, 0, 1.922002
IMG/center_2017_07_17_12_28_05_016.jpg, IMG/left_2017_07_17_12_28_05_016.jpg, IMG/right_2017_07_17_12_28_05_016.jpg, 0, 0, 0.3247114, 1.784985
IMG/center_2017_07_17_12_28_05_119.jpg, IMG/left_2017_07_17_12_28_05_119.jpg, IMG/right_2017_07_17_12_28_05_119.jpg, 0, 0, 0.02576388, 1.754639
IMG/center_2017_07_17_12_28_05_222.jpg, IMG/left_2017_07_17_12_28_05_222.jpg, IMG/right_2017_07_17_12_28_05_222.jpg, 0, 0, 0, 1.738648
IMG/center_2017_07_17_12_28_05_291.jpg, IMG/left_2017_07_17_12_28_05_291.jpg, IMG/right_2017_07_17_12_28_05_291.jpg, 0, 0, 0, 1.721204
IMG/center_2017_07_17_12_28_05_398.jpg, IMG/left_2017_07_17_12_28_05_398.jpg, IMG/right_2017_07_17_12_28_05_398.jpg, 0, 0, 0, 1.700502
IMG/center_2017_07_17_12_28_05_511.jpg, IMG/left_2017_07_17_12_28_05_511.jpg, IMG/right_2017_07_17_12_28_05_511.jpg, 0, 0, 0, 1.683441